Exp,Sample type,ACTA1_large_than_RPRD1B,ACTA2_large_than_GAPDH,ACTN1_large_than_ASAH1,ACTN1_large_than_ICAM1,ACTN1_large_than_PEPD,ALDOC_large_than_LAMB1,APOA4_large_than_PRDX6,ASAH1_large_than_CALR,ASAH1_large_than_CFL1,ASAH1_large_than_DYNC1H1,ASAH1_large_than_ENO1,ASAH1_large_than_HNRNPA2B1,ASAH1_large_than_HSPA8,ASAH1_large_than_HSPD1,ASAH1_large_than_ICAM1,ASAH1_large_than_LAMB1,ASAH1_large_than_MRC1,ASAH1_large_than_PNP,ASAH1_large_than_PSEN1,ASAH1_large_than_TIMP1,ASAH1_large_than_TPM2,ASAH1_large_than_TPM4,ASAH1_large_than_TXN,ASAH1_large_than_VCP,ASAH1_large_than_WDR12,ASAH1_large_than_YWHAE,ASAH1_large_than_YWHAG,ASAH1_large_than_YWHAQ,CALR_large_than_FKBP4,CFL1_large_than_ICAM1,CFL1_large_than_PEPD,CFL1_large_than_YWHAG,CPQ_large_than_SOD1,ENO1_large_than_ICAM1,ENO1_large_than_PEPD,HSPA8_large_than_PSEN1,HSPD1_large_than_ICAM1,ICAM1_large_than_TPM4,LAMB1_large_than_TXN,MRC1_large_than_TXN,PEPD_large_than_YWHAE
Exp074385,BLCA,1,1,0,1,1,-1,1,0,0,0,0,0,0,0,0,0,0,0,0,0,0,0,0,0,0,0,0,0,-1,1,1,-1,-1,1,1,1,-1,-1,1,1,-1
Exp082723,BLCA,-1,1,1,-1,-1,0,1,1,-1,-1,1,-1,1,-1,-1,-1,-1,1,1,-1,-1,-1,1,-1,-1,-1,-1,-1,-1,1,1,-1,-1,-1,-1,1,1,1,1,1,1
Exp082724,BLCA,-1,1,0,1,-1,0,1,0,0,0,0,0,0,0,0,0,0,0,0,0,0,0,0,0,0,0,0,0,-1,1,1,-1,0,-1,-1,1,1,1,1,-1,1
Exp082725,BLCA,-1,-1,1,-1,-1,0,1,-1,-1,-1,-1,-1,-1,-1,-1,-1,-1,-1,-1,-1,-1,-1,-1,-1,-1,-1,-1,-1,-1,1,1,-1,-1,-1,1,1,1,1,1,1,-1
Exp082726,BLCA,-1,1,0,1,-1,-1,1,0,0,0,0,0,0,0,0,0,0,0,0,0,0,0,0,0,0,0,0,0,-1,1,1,-1,-1,-1,-1,0,1,1,-1,-1,1
Exp082727,BLCA,0,-1,0,1,-1,0,1,0,0,0,0,0,0,0,0,0,0,0,0,0,0,0,0,0,0,0,0,0,1,-1,-1,-1,0,-1,-1,0,1,1,0,-1,1
Exp082728,BLCA,1,-1,1,1,1,1,1,-1,-1,-1,-1,1,-1,-1,-1,-1,-1,-1,-1,0,0,-1,-1,-1,0,-1,-1,-1,-1,1,1,-1,-1,-1,-1,1,1,1,-1,-1,1
Exp082729,BLCA,-1,-1,1,1,-1,1,1,-1,-1,0,-1,-1,-1,-1,-1,-1,-1,-1,-1,-1,-1,-1,-1,-1,-1,-1,-1,-1,1,1,-1,-1,0,-1,-1,-1,1,1,-1,-1,1
Exp082730,BLCA,-1,1,1,-1,1,1,1,-1,-1,-1,-1,-1,-1,-1,-1,-1,-1,-1,0,-1,-1,-1,-1,-1,-1,-1,-1,-1,-1,-1,-1,-1,-1,-1,-1,0,1,1,-1,-1,-1
Exp082731,BLCA,1,1,0,1,1,1,1,0,0,0,0,0,0,0,0,0,0,0,0,0,0,0,0,0,0,0,0,0,-1,-1,-1,1,-1,-1,-1,0,1,1,1,-1,-1
Exp082732,BLCA,-1,-1,1,1,1,-1,1,-1,-1,1,-1,-1,-1,-1,-1,-1,-1,-1,0,0,-1,-1,-1,-1,-1,-1,-1,-1,1,-1,-1,-1,-1,1,1,0,1,1,-1,-1,-1
Exp082733,BLCA,-1,-1,1,-1,-1,1,1,-1,-1,1,-1,-1,-1,-1,-1,-1,-1,-1,0,-1,-1,-1,-1,-1,-1,-1,0,-1,-1,-1,-1,0,-1,1,-1,0,1,1,-1,-1,1
Exp082734,BLCA,-1,1,0,-1,-1,-1,1,0,0,0,0,0,0,0,0,0,0,0,0,0,0,0,0,0,0,0,0,0,1,-1,-1,-1,0,1,-1,0,-1,-1,1,-1,-1
Exp082737,BLCA,0,-1,1,1,1,1,1,-1,-1,-1,-1,-1,-1,-1,-1,-1,-1,-1,-1,-1,-1,-1,-1,-1,-1,-1,-1,-1,1,-1,-1,-1,0,1,1,-1,1,-1,1,-1,-1
Exp082738,BLCA,-1,-1,1,-1,1,1,1,-1,1,0,-1,-1,1,-1,-1,1,1,1,0,0,-1,-1,-1,1,-1,-1,-1,-1,1,-1,-1,-1,-1,1,1,0,-1,1,-1,-1,-1
Exp082740,BLCA,1,1,0,-1,1,1,1,0,0,0,0,0,0,0,0,0,0,0,0,0,0,0,0,0,0,0,0,0,1,1,1,1,1,1,1,0,1,1,-1,-1,-1
Exp082741,BLCA,1,1,0,1,1,1,1,0,0,0,0,0,0,0,0,0,0,0,0,0,0,0,0,0,0,0,0,0,1,1,1,1,-1,-1,-1,0,1,1,-1,-1,-1
Exp082742,BLCA,-1,1,1,1,1,1,1,-1,-1,-1,-1,-1,-1,-1,-1,-1,-1,-1,0,-1,1,-1,-1,-1,-1,-1,-1,-1,-1,-1,-1,-1,-1,1,1,0,1,1,-1,-1,-1
Exp082735,BLCA,-1,0,1,1,1,1,1,-1,-1,-1,-1,-1,-1,-1,-1,-1,-1,-1,0,-1,0,-1,-1,-1,-1,-1,-1,-1,-1,-1,-1,-1,-1,-1,1,0,1,1,-1,-1,-1
Exp082736,BLCA,-1,1,0,1,1,1,1,0,0,0,0,0,0,0,0,0,0,0,0,0,0,0,0,0,0,0,0,0,-1,-1,-1,0,-1,-1,-1,0,1,1,1,-1,-1
Exp082743,BLCA,1,1,1,1,1,0,1,-1,-1,-1,-1,-1,-1,-1,-1,-1,-1,-1,-1,-1,-1,-1,-1,-1,-1,-1,-1,-1,1,1,1,-1,0,1,1,-1,1,-1,1,-1,-1
Exp082744,BLCA,1,1,0,1,1,1,1,0,0,0,0,0,0,0,0,0,0,0,0,0,0,0,0,0,0,0,0,0,-1,1,1,-1,0,1,1,-1,1,-1,-1,-1,-1
Exp082745,BLCA,0,1,1,-1,1,-1,1,-1,1,-1,-1,-1,-1,-1,-1,-1,1,-1,-1,-1,-1,-1,-1,0,0,-1,0,-1,-1,-1,-1,0,-1,-1,-1,1,-1,1,-1,-1,-1
Exp082746,BLCA,1,1,0,1,1,1,1,0,0,0,0,0,0,0,0,0,0,0,0,0,0,0,0,0,0,0,0,0,-1,1,1,1,1,-1,-1,0,1,-1,1,-1,-1
Exp082747,BLCA,-1,1,0,-1,-1,1,1,0,0,0,0,0,0,0,0,0,0,0,0,0,0,0,0,0,0,0,0,0,-1,-1,-1,-1,-1,-1,-1,1,1,-1,1,-1,-1
Exp082748,BLCA,1,1,0,-1,-1,0,1,0,0,0,0,0,0,0,0,0,0,0,0,0,0,0,0,0,0,0,0,0,-1,1,1,-1,-1,1,-1,1,1,1,1,1,-1
Exp082749,BLCA,0,1,0,1,-1,1,1,0,0,0,0,0,0,0,0,0,0,0,0,0,0,0,0,0,0,0,0,0,1,-1,-1,-1,0,1,1,0,-1,1,1,1,1
Exp082751,BLCA,-1,-1,1,-1,-1,1,1,-1,-1,-1,-1,-1,-1,-1,-1,-1,-1,-1,0,-1,-1,-1,1,0,-1,-1,-1,-1,-1,-1,-1,-1,-1,-1,-1,0,1,-1,1,1,-1
Exp082709,BLCA,1,1,-1,1,-1,1,1,1,1,1,1,1,1,1,1,1,1,1,0,1,1,1,1,1,1,1,1,1,1,1,1,-1,-1,-1,-1,0,-1,-1,-1,-1,-1
Exp082900,BLCA,1,1,1,1,1,0,0,1,-1,-1,-1,-1,1,1,-1,1,-1,1,0,-1,-1,-1,-1,-1,0,0,0,0,-1,-1,1,0,1,1,1,0,-1,1,-1,1,0
Exp082716,BLCA,-1,-1,-1,1,1,0,1,1,1,1,1,1,1,1,1,1,1,1,1,1,1,1,1,1,0,1,1,1,1,1,1,1,1,-1,-1,1,-1,-1,1,1,-1
Exp076181,BLCA,-1,1,1,1,-1,0,0,-1,-1,-1,-1,-1,-1,-1,-1,0,-1,-1,-1,-1,-1,-1,-1,-1,-1,-1,-1,-1,0,1,1,-1,0,-1,-1,1,1,-1,0,1,1
Exp081627,BLCA,-1,1,1,1,1,1,1,-1,-1,1,-1,1,-1,0,-1,1,-1,-1,-1,-1,-1,1,-1,1,-1,-1,-1,-1,0,-1,1,1,1,1,1,1,0,1,-1,-1,-1
Exp081626,BLCA,-1,1,1,1,1,-1,1,1,1,1,1,1,1,1,1,1,1,1,1,1,1,1,0,1,1,1,0,1,0,-1,1,0,1,-1,-1,-1,1,1,0,0,-1
Exp081625,BLCA,-1,-1,-1,-1,1,0,1,1,1,1,1,1,1,1,1,1,1,1,1,-1,0,0,1,1,1,1,1,1,0,-1,1,-1,1,1,1,1,-1,0,-1,-1,-1
Exp081629,BLCA,-1,-1,-1,-1,1,-1,1,1,1,1,1,1,1,1,1,1,1,1,0,1,1,0,1,1,1,1,1,1,-1,-1,-1,1,0,1,1,0,1,0,-1,-1,1
Exp081624,BLCA,-1,1,-1,1,-1,-1,1,1,-1,1,1,1,1,0,1,1,1,1,1,0,1,0,1,1,1,1,1,0,0,1,1,1,1,-1,-1,-1,0,0,1,1,1
Exp081628,BLCA,-1,-1,1,1,1,0,1,1,-1,-1,-1,-1,-1,-1,-1,1,1,-1,1,0,-1,1,-1,0,-1,-1,0,1,0,1,1,0,-1,1,1,1,1,1,-1,-1,1
Exp081630,BLCA,-1,-1,-1,-1,1,1,1,1,-1,-1,1,1,1,1,1,1,1,1,1,0,1,1,1,1,1,-1,1,1,0,1,1,1,1,-1,1,1,-1,1,1,1,-1
Exp081631,BLCA,-1,-1,1,1,1,-1,1,-1,-1,1,-1,-1,-1,-1,-1,-1,-1,-1,-1,-1,-1,-1,-1,-1,-1,-1,-1,-1,1,1,1,-1,-1,-1,1,1,-1,-1,-1,-1,-1
Exp081632,BLCA,-1,1,-1,-1,-1,0,1,1,1,1,1,1,1,1,1,0,1,1,1,0,1,0,1,1,1,-1,-1,1,-1,-1,1,-1,0,-1,1,-1,1,0,0,1,-1
Exp081633,BLCA,-1,-1,1,-1,-1,-1,1,-1,-1,-1,-1,1,-1,-1,-1,-1,-1,-1,-1,-1,1,-1,-1,-1,-1,-1,-1,-1,0,1,1,1,-1,-1,1,-1,-1,1,-1,-1,1
Exp081634,BLCA,-1,1,-1,1,-1,0,1,1,1,1,1,0,1,1,1,0,1,1,1,0,1,1,1,1,1,1,1,1,0,1,-1,-1,1,-1,-1,1,1,1,0,-1,1
Exp081635,BLCA,0,-1,-1,-1,-1,0,0,1,-1,-1,-1,1,1,-1,-1,0,1,-1,-1,0,1,1,-1,0,-1,0,-1,-1,0,1,1,1,0,1,1,-1,1,1,0,-1,0
Exp081636,BLCA,-1,-1,0,-1,-1,0,0,0,0,0,0,0,0,0,0,0,0,0,0,0,0,0,0,0,0,0,0,0,0,1,1,-1,0,-1,-1,0,0,-1,0,-1,-1
Exp081638,BLCA,0,-1,1,1,-1,-1,1,-1,-1,-1,-1,1,-1,-1,-1,-1,-1,-1,-1,-1,1,0,-1,-1,-1,-1,-1,-1,-1,-1,-1,-1,1,-1,-1,-1,1,0,1,1,1
Exp081639,BLCA,-1,1,-1,1,1,0,0,1,1,1,1,1,1,0,1,1,1,1,1,0,1,0,0,0,1,1,1,0,0,-1,-1,-1,0,-1,-1,1,0,0,0,0,-1
Exp081640,BLCA,-1,-1,1,-1,-1,0,0,1,-1,-1,-1,0,-1,-1,-1,1,1,1,-1,1,1,1,0,-1,-1,0,-1,0,0,1,-1,-1,0,1,-1,1,-1,1,0,0,0
Exp081641,BLCA,0,-1,-1,1,1,0,1,1,1,1,1,1,0,1,1,0,1,1,1,1,1,1,1,0,1,-1,1,1,1,1,1,-1,1,1,1,0,1,1,0,1,-1
Exp081642,BLCA,0,-1,-1,1,-1,0,0,1,1,1,1,1,1,1,1,0,1,1,1,0,1,0,0,1,0,-1,-1,0,0,-1,-1,-1,1,-1,-1,-1,-1,0,0,0,-1
Exp081643,BLCA,-1,-1,1,1,1,1,1,1,-1,-1,-1,-1,-1,-1,-1,1,-1,-1,-1,0,1,1,1,-1,-1,0,-1,-1,1,1,1,1,1,-1,1,-1,1,1,1,1,0
Exp081644,BLCA,0,-1,1,-1,1,-1,0,1,-1,1,-1,1,1,-1,-1,-1,1,-1,1,-1,0,0,-1,-1,-1,1,-1,1,1,1,1,-1,1,-1,-1,1,-1,0,-1,-1,1
Exp081645,BLCA,-1,-1,0,1,1,1,0,0,0,0,0,0,0,0,0,0,0,0,0,0,0,0,0,0,0,0,0,0,-1,1,1,-1,1,1,1,1,-1,-1,1,1,0
Exp081646,BLCA,1,-1,1,-1,-1,1,0,-1,-1,-1,-1,-1,-1,-1,-1,-1,-1,-1,-1,-1,0,-1,-1,-1,0,-1,-1,-1,-1,-1,-1,-1,1,-1,-1,1,1,1,-1,1,1
Exp081648,BLCA,0,1,0,1,1,1,1,0,0,0,0,0,0,0,0,0,0,0,0,0,0,0,0,0,0,0,0,0,-1,1,1,-1,1,1,1,-1,1,-1,-1,1,1
Exp081649,BLCA,0,-1,1,-1,-1,0,0,-1,-1,1,-1,-1,-1,-1,-1,-1,-1,1,-1,-1,-1,-1,-1,1,-1,0,-1,-1,-1,1,-1,-1,0,1,1,-1,1,-1,1,-1,0
Exp081650,BLCA,1,-1,0,1,1,-1,1,0,0,0,0,0,0,0,0,0,0,0,0,0,0,0,0,0,0,0,0,0,1,1,1,1,1,1,1,-1,1,-1,-1,1,-1
Exp081651,BLCA,1,1,0,-1,-1,1,1,0,0,0,0,0,0,0,0,0,0,0,0,0,0,0,0,0,0,0,0,0,-1,1,1,1,1,1,1,1,-1,-1,-1,-1,-1
Exp081652,BLCA,1,1,0,1,-1,1,1,0,0,0,0,0,0,0,0,0,0,0,0,0,0,0,0,0,0,0,0,0,-1,1,-1,1,-1,1,-1,0,1,-1,1,1,1
Exp081653,BLCA,-1,-1,-1,1,-1,0,1,1,1,1,1,1,1,1,1,1,1,1,1,1,1,1,1,1,1,1,1,1,-1,-1,-1,-1,1,1,-1,-1,-1,1,1,1,1
Exp081654,BLCA,1,1,-1,-1,1,0,1,1,1,1,1,1,1,1,1,1,1,1,1,1,1,1,1,1,1,1,1,1,-1,-1,1,1,0,-1,1,-1,-1,1,-1,-1,-1
Exp081655,BLCA,1,1,-1,-1,1,-1,1,1,1,1,1,1,1,1,1,1,1,1,1,1,1,1,1,1,1,1,1,1,-1,-1,1,1,0,1,1,-1,-1,1,-1,-1,-1
Exp081656,BLCA,-1,-1,1,-1,-1,-1,1,1,-1,0,-1,1,1,1,-1,1,1,-1,1,1,1,1,1,-1,1,1,-1,-1,-1,-1,-1,-1,0,-1,-1,-1,-1,1,-1,-1,1
Exp081657,BLCA,-1,1,0,1,-1,0,1,0,0,0,0,0,0,0,0,0,0,0,0,0,0,0,0,0,0,0,0,0,-1,1,-1,1,0,-1,-1,-1,-1,-1,1,-1,1
Exp081658,BLCA,1,-1,-1,1,1,-1,1,1,1,1,1,1,1,1,1,1,1,1,1,1,1,1,1,1,1,-1,1,1,-1,1,1,1,-1,-1,-1,-1,-1,-1,-1,1,-1
Exp081659,BLCA,1,1,-1,1,1,0,1,1,1,-1,1,1,1,1,1,1,1,1,1,1,1,1,1,1,1,1,1,1,-1,1,1,1,0,1,1,1,-1,-1,-1,-1,-1
Exp081660,BLCA,-1,-1,-1,1,1,0,1,1,-1,0,1,1,1,1,1,1,1,1,1,1,1,1,1,1,1,-1,1,1,-1,1,1,1,1,1,1,-1,-1,-1,-1,1,-1
Exp081661,BLCA,-1,-1,-1,-1,-1,-1,1,1,1,1,1,1,1,1,1,1,1,1,1,1,1,1,1,1,1,1,1,1,-1,-1,1,1,-1,-1,-1,1,-1,1,-1,-1,-1
Exp081662,BLCA,1,1,0,-1,1,1,1,0,0,0,0,0,0,0,0,0,0,0,0,0,0,0,0,0,0,0,0,0,-1,1,1,1,-1,-1,1,1,-1,-1,1,1,-1
Exp081663,BLCA,-1,-1,-1,-1,-1,-1,1,1,1,-1,1,1,1,1,1,1,1,1,1,1,1,1,1,0,1,1,1,1,-1,1,1,1,1,1,1,1,-1,1,1,1,1
Exp081664,BLCA,1,1,1,-1,1,1,1,-1,-1,-1,-1,-1,-1,1,-1,1,1,-1,-1,1,-1,-1,1,-1,-1,-1,-1,-1,-1,1,1,1,0,1,1,1,-1,-1,1,1,-1
Exp081665,BLCA,1,1,-1,-1,-1,1,1,1,1,1,1,1,1,1,1,1,1,1,0,1,1,1,1,1,1,1,-1,1,-1,1,-1,-1,-1,-1,-1,0,1,-1,-1,-1,1
Exp081666,BLCA,0,1,1,-1,-1,-1,1,1,-1,-1,-1,-1,-1,-1,-1,1,-1,-1,-1,1,-1,-1,-1,0,-1,-1,-1,-1,-1,1,1,1,0,-1,-1,1,-1,-1,-1,-1,-1
Exp081667,BLCA,-1,1,0,-1,-1,-1,1,0,0,0,0,0,0,0,0,0,0,0,0,0,0,0,0,0,0,0,0,0,-1,-1,1,-1,-1,1,1,1,1,1,-1,1,-1
Exp081668,BLCA,-1,-1,1,-1,1,0,1,1,-1,0,-1,-1,1,1,-1,1,-1,1,1,-1,-1,0,-1,1,-1,-1,-1,1,-1,-1,1,1,0,1,1,-1,-1,0,-1,-1,-1
Exp081669,BLCA,-1,-1,-1,-1,-1,1,1,1,-1,-1,-1,-1,1,1,-1,1,1,1,1,1,-1,-1,-1,0,-1,-1,1,1,-1,1,1,1,0,1,-1,1,-1,1,-1,-1,1
Exp081670,BLCA,-1,-1,0,-1,-1,-1,1,0,0,0,0,0,0,0,0,0,0,0,0,0,0,0,0,0,0,0,0,0,-1,-1,-1,-1,-1,-1,1,1,-1,1,-1,1,-1
Exp081671,BLCA,-1,-1,-1,-1,-1,1,1,1,1,1,1,1,1,1,1,1,1,1,1,1,1,1,1,0,1,-1,1,1,-1,1,1,1,-1,1,1,-1,-1,1,-1,1,-1
Exp081672,BLCA,-1,-1,0,0,0,-1,0,-1,-1,0,-1,-1,-1,-1,-1,-1,-1,-1,-1,-1,-1,-1,-1,1,-1,-1,-1,-1,-1,1,1,1,1,-1,-1,1,1,-1,-1,-1,1
Exp081673,BLCA,-1,1,0,-1,1,-1,1,0,0,0,0,0,0,0,0,0,0,0,0,0,0,0,0,0,0,0,0,0,-1,1,1,1,-1,-1,1,-1,1,1,-1,-1,-1
Exp081674,BLCA,-1,-1,-1,-1,-1,-1,1,1,1,1,1,1,1,1,1,1,1,1,1,1,1,1,1,1,1,1,1,1,-1,-1,1,-1,-1,-1,-1,1,1,1,-1,-1,-1
Exp081675,BLCA,1,1,-1,-1,1,-1,1,1,1,1,1,1,1,1,1,1,1,1,1,1,1,1,1,0,1,1,1,1,-1,-1,1,1,-1,-1,1,-1,-1,1,1,-1,-1
Exp081676,BLCA,1,1,-1,-1,-1,1,1,1,1,1,1,1,1,1,1,1,1,1,1,1,1,1,1,1,1,1,1,1,-1,-1,1,-1,-1,-1,1,1,-1,-1,-1,1,-1
Exp081677,BLCA,1,-1,-1,-1,1,1,0,1,1,1,1,1,1,1,1,1,1,1,0,1,1,1,1,1,1,1,1,1,1,1,1,-1,-1,-1,1,0,-1,-1,1,-1,1
Exp081678,BLCA,-1,0,1,1,-1,0,1,-1,-1,-1,0,0,-1,-1,-1,-1,-1,-1,-1,-1,-1,-1,-1,0,-1,-1,-1,-1,-1,-1,-1,-1,1,0,0,1,1,-1,1,1,-1
Exp081679,BLCA,1,1,1,-1,-1,1,1,1,-1,1,-1,-1,-1,1,-1,-1,1,-1,-1,1,-1,-1,-1,0,-1,-1,-1,-1,1,-1,1,1,1,1,1,1,-1,-1,-1,-1,-1
Exp081680,BLCA,1,1,-1,-1,-1,-1,1,1,1,-1,1,1,1,1,1,1,1,1,1,1,1,1,1,1,1,-1,1,1,-1,-1,-1,-1,-1,1,1,1,-1,1,-1,-1,-1
Exp081681,BLCA,1,1,-1,1,1,1,1,1,1,-1,1,1,1,1,1,1,1,1,1,1,1,1,1,0,1,1,1,1,1,1,1,1,-1,-1,-1,-1,-1,-1,1,1,1
Exp081682,BLCA,-1,1,-1,-1,-1,0,1,1,1,1,0,1,1,1,1,1,1,1,1,1,1,0,1,1,1,1,1,1,-1,-1,-1,-1,-1,0,0,1,-1,0,1,1,1
Exp081683,BLCA,-1,-1,1,-1,1,0,1,-1,-1,0,-1,-1,-1,-1,-1,-1,-1,1,-1,-1,-1,1,1,1,-1,-1,1,-1,1,-1,1,1,0,1,1,-1,-1,1,1,1,-1
Exp081684,BLCA,-1,-1,1,1,-1,-1,1,1,1,-1,-1,1,1,1,-1,1,1,1,1,1,-1,-1,1,1,-1,-1,-1,-1,-1,-1,-1,-1,1,1,-1,1,-1,1,1,1,1
Exp081685,BLCA,-1,-1,1,1,-1,-1,1,1,-1,1,1,-1,-1,-1,-1,1,-1,-1,-1,-1,0,1,1,1,-1,-1,-1,1,-1,-1,-1,-1,0,-1,-1,1,1,1,1,1,1
Exp081686,BLCA,1,1,-1,-1,-1,1,1,1,1,1,1,1,1,1,1,1,1,1,1,1,1,1,1,0,1,1,1,1,-1,-1,-1,-1,-1,1,1,-1,1,1,-1,-1,-1
Exp081687,BLCA,1,1,-1,-1,-1,1,1,1,1,-1,1,1,1,1,1,1,1,1,1,1,1,1,1,1,1,1,1,1,1,-1,-1,-1,-1,-1,-1,-1,-1,1,-1,-1,1
Exp081688,BLCA,1,-1,0,1,-1,0,1,0,0,0,0,0,0,0,0,0,0,0,0,0,0,0,0,0,0,0,0,0,1,1,-1,-1,-1,-1,-1,-1,-1,-1,1,-1,-1
Exp081689,BLCA,-1,1,1,1,-1,1,1,-1,-1,-1,-1,-1,-1,-1,-1,-1,-1,-1,-1,-1,-1,-1,-1,0,-1,-1,-1,-1,1,1,-1,-1,-1,-1,-1,1,-1,-1,-1,-1,1
Exp081690,BLCA,1,1,0,1,1,-1,1,0,0,0,0,0,0,0,0,0,0,0,0,0,0,0,0,0,0,0,0,0,-1,1,1,-1,1,1,1,-1,-1,-1,-1,-1,0
Exp081691,BLCA,-1,-1,1,-1,-1,-1,1,1,-1,-1,-1,-1,-1,-1,-1,1,1,1,-1,-1,-1,-1,1,-1,-1,-1,-1,-1,-1,-1,-1,-1,0,1,1,-1,1,1,-1,-1,-1
Exp081692,BLCA,1,1,-1,1,1,-1,1,1,1,1,1,1,1,1,1,1,1,1,1,1,1,1,1,1,1,1,1,1,-1,1,1,-1,1,1,1,1,-1,-1,-1,-1,-1
Exp081693,BLCA,1,-1,-1,-1,-1,1,1,1,1,1,1,1,1,1,1,1,1,1,1,1,1,1,1,1,1,1,1,1,1,-1,-1,-1,-1,1,-1,-1,-1,1,-1,-1,1
Exp081694,BLCA,-1,1,1,1,1,0,0,1,-1,1,1,-1,1,0,-1,1,1,1,-1,-1,-1,-1,1,-1,0,-1,-1,-1,1,1,1,1,0,-1,-1,-1,0,-1,-1,-1,-1
Exp081695,BLCA,-1,-1,0,1,-1,0,1,0,0,0,0,0,0,0,0,0,0,0,0,0,0,0,0,0,0,0,0,0,1,-1,-1,1,1,-1,-1,1,-1,1,-1,-1,1
Exp081696,BLCA,-1,-1,-1,1,1,-1,1,1,1,1,0,1,1,1,1,1,1,1,1,1,1,1,1,0,1,1,1,1,-1,1,1,1,0,0,0,1,-1,1,1,-1,-1
Exp081697,BLCA,1,-1,0,1,-1,1,0,0,0,0,0,0,0,0,0,0,0,0,0,0,0,0,0,0,0,0,0,0,1,-1,-1,-1,0,1,-1,1,1,-1,-1,1,1
Exp081698,BLCA,-1,-1,-1,1,1,-1,1,1,1,1,1,1,1,1,1,1,1,1,1,1,1,1,1,1,1,1,1,1,-1,-1,1,-1,-1,-1,-1,1,-1,1,1,-1,1
Exp081699,BLCA,1,-1,0,1,1,1,1,0,0,0,0,0,0,0,0,0,0,0,0,0,0,0,0,0,0,0,0,0,1,1,1,1,-1,0,0,-1,-1,-1,1,-1,-1
Exp081700,BLCA,1,1,0,1,1,1,1,0,0,0,0,0,0,0,0,0,0,0,0,0,0,0,0,0,0,0,0,0,1,-1,1,-1,0,-1,-1,-1,-1,-1,0,0,-1
Exp082708,BLCA,-1,-1,-1,1,1,0,1,1,1,1,0,1,1,1,1,1,1,1,1,1,0,1,1,1,1,1,1,1,-1,-1,-1,-1,1,0,0,1,-1,1,-1,-1,1
Exp082710,BLCA,-1,-1,-1,-1,-1,1,0,1,1,1,1,1,1,1,1,1,1,1,1,1,1,1,1,0,1,1,1,1,1,1,1,1,0,-1,-1,1,1,-1,-1,1,1
Exp082712,BLCA,1,-1,-1,-1,-1,1,1,1,1,1,1,1,1,1,1,1,1,1,1,1,1,1,1,1,1,1,1,1,1,-1,-1,-1,1,1,-1,-1,-1,-1,1,1,1
Exp082714,BLCA,1,-1,1,1,1,1,1,1,-1,-1,-1,-1,-1,-1,-1,1,1,1,0,-1,-1,-1,1,1,-1,-1,-1,-1,1,1,1,-1,1,1,1,0,1,1,1,1,1
Exp082715,BLCA,-1,-1,1,1,-1,-1,1,-1,-1,-1,-1,-1,-1,-1,-1,1,1,1,-1,-1,0,1,1,1,-1,-1,-1,1,1,1,-1,-1,-1,1,1,-1,1,1,1,1,1
Exp082717,BLCA,1,1,0,-1,-1,1,1,0,0,0,0,0,0,0,0,0,0,0,0,0,0,0,0,0,0,0,0,0,-1,1,-1,-1,-1,1,1,1,-1,-1,-1,-1,1
Exp082718,BLCA,1,1,1,1,1,1,1,-1,-1,-1,-1,-1,-1,-1,-1,-1,-1,-1,0,-1,-1,-1,-1,-1,-1,-1,-1,-1,-1,1,1,1,0,1,1,0,1,-1,1,1,-1
Exp082719,BLCA,0,-1,0,-1,-1,1,1,0,0,0,0,0,0,0,0,0,0,0,0,0,0,0,0,0,0,0,0,0,-1,1,1,1,1,0,0,1,-1,0,-1,-1,1
Exp082720,BLCA,1,-1,1,1,-1,1,1,1,-1,-1,1,-1,1,-1,-1,-1,-1,1,1,-1,-1,-1,1,-1,-1,-1,-1,-1,-1,1,-1,1,-1,-1,-1,1,1,1,1,1,1
Exp082721,BLCA,1,1,0,1,1,0,1,0,0,0,0,0,0,0,0,0,0,0,0,0,0,0,0,0,0,0,0,0,-1,1,1,1,-1,-1,-1,1,-1,-1,1,1,-1
Exp082722,BLCA,0,-1,-1,1,-1,0,1,1,1,1,0,1,1,1,1,1,1,1,0,1,1,1,1,1,1,1,1,1,-1,1,-1,1,-1,0,0,0,1,-1,1,1,1
Exp041928,normal,-1,-1,-1,-1,-1,0,1,1,1,1,1,1,1,1,1,1,1,1,1,0,1,1,1,1,1,1,1,1,0,1,1,1,-1,-1,-1,1,-1,1,1,1,1
Exp043388,normal,0,-1,-1,-1,-1,0,1,1,0,1,1,1,1,1,1,1,1,1,0,1,0,0,1,1,0,0,1,1,0,0,0,0,1,-1,-1,0,-1,0,1,1,0
Exp042197,normal,-1,-1,-1,-1,-1,1,0,1,1,1,1,1,1,1,1,1,1,1,1,1,1,1,1,1,0,-1,1,1,1,-1,-1,-1,-1,-1,-1,-1,-1,1,1,1,-1
Exp042198,normal,-1,-1,-1,-1,-1,-1,0,1,1,1,1,1,1,1,1,1,1,1,1,1,0,1,1,1,1,0,1,1,-1,-1,-1,-1,-1,-1,-1,-1,-1,1,-1,1,0
Exp042199,normal,-1,-1,0,0,0,-1,0,1,1,1,1,1,1,1,1,1,1,1,1,1,1,1,1,1,0,-1,1,1,1,-1,-1,-1,0,-1,-1,1,-1,1,-1,1,-1
Exp042200,normal,-1,-1,-1,-1,-1,-1,1,1,1,1,1,1,1,1,1,1,1,1,1,1,1,1,1,1,1,1,1,1,-1,-1,-1,-1,1,-1,-1,-1,-1,1,1,-1,1
Exp042201,normal,-1,-1,-1,-1,-1,-1,1,1,1,1,1,1,1,1,1,1,1,1,0,1,1,1,1,1,1,0,1,1,-1,-1,-1,-1,1,-1,-1,0,-1,1,1,-1,0
Exp042202,normal,-1,-1,-1,-1,-1,0,1,1,1,1,1,-1,1,1,1,1,1,1,1,1,1,1,1,1,0,0,1,1,1,-1,-1,-1,-1,-1,-1,1,-1,1,1,-1,0
Exp041935,normal,-1,-1,-1,-1,-1,-1,1,1,1,1,1,1,1,1,1,1,1,1,0,1,1,1,1,1,0,0,0,1,-1,-1,-1,0,1,-1,1,0,-1,1,-1,-1,0
Exp043353,normal,-1,-1,0,-1,-1,-1,1,0,0,0,0,0,0,0,0,0,0,0,0,0,0,0,0,0,0,0,0,0,-1,-1,1,1,-1,-1,1,-1,-1,1,1,-1,-1
Exp043377,normal,-1,-1,-1,1,1,0,0,1,1,1,0,1,1,1,1,1,1,1,0,1,1,1,1,1,1,0,1,1,0,-1,-1,-1,-1,0,0,0,1,1,-1,1,0
Exp042254,normal,-1,-1,-1,-1,1,0,0,1,1,1,1,1,1,1,1,1,1,1,1,1,1,1,1,1,1,0,0,1,0,1,1,0,0,-1,-1,1,-1,1,1,1,0
Exp042255,normal,-1,-1,-1,-1,-1,0,0,1,1,1,1,1,1,1,1,1,1,1,1,1,1,1,1,1,0,0,1,1,0,-1,-1,1,-1,1,1,-1,-1,1,-1,1,0
Exp042256,normal,-1,-1,-1,-1,-1,0,1,1,1,1,1,0,1,1,1,1,1,0,1,0,1,1,1,1,0,0,1,1,0,-1,-1,-1,0,-1,1,-1,-1,1,1,1,0
Exp042257,normal,-1,-1,-1,-1,1,-1,0,1,1,1,1,1,1,1,1,1,1,1,0,1,1,1,1,1,0,1,1,1,0,-1,-1,-1,0,-1,-1,0,-1,1,1,1,1
Exp042258,normal,1,1,-1,-1,-1,-1,1,1,1,1,1,-1,1,-1,1,1,1,1,0,1,-1,-1,1,1,1,1,-1,1,0,-1,-1,-1,-1,-1,-1,0,1,-1,1,1,1
Exp042260,normal,1,-1,-1,1,1,-1,0,1,1,1,1,0,1,1,1,1,1,1,0,1,1,1,1,1,0,0,-1,1,0,-1,-1,-1,0,-1,-1,0,-1,-1,1,1,0
Exp042261,normal,1,1,-1,1,1,0,1,1,1,1,1,0,1,0,1,1,1,1,1,1,1,1,1,1,1,1,1,1,0,-1,-1,-1,0,1,1,-1,0,1,1,-1,-1
Exp042262,normal,1,-1,-1,1,-1,-1,1,1,1,1,1,1,1,1,1,1,1,1,0,1,1,1,1,1,0,1,-1,1,1,1,1,-1,1,-1,-1,0,1,-1,-1,-1,-1
Exp042263,normal,-1,-1,-1,-1,-1,0,0,1,0,1,1,0,0,1,1,1,1,1,1,1,0,0,0,1,1,0,-1,1,0,0,0,0,1,-1,-1,0,-1,0,0,0,0
Exp042264,normal,-1,-1,0,0,0,-1,1,1,0,1,1,1,1,1,1,1,1,1,1,1,1,1,0,1,0,1,-1,1,0,0,0,0,0,-1,-1,-1,1,1,0,0,1
Exp042265,normal,-1,-1,0,0,0,-1,1,1,1,1,1,0,1,1,1,1,1,1,1,1,1,0,0,0,1,1,-1,1,0,-1,-1,-1,1,-1,-1,-1,1,0,0,0,1
Exp042266,normal,-1,-1,-1,-1,1,1,1,1,0,1,1,0,1,1,1,1,1,1,0,1,1,1,1,1,0,1,-1,1,0,0,0,0,0,-1,-1,0,1,1,-1,-1,1
Exp042267,normal,-1,-1,0,1,1,-1,1,0,0,0,0,0,0,0,0,0,0,0,0,0,0,0,0,0,0,0,0,0,0,1,1,-1,1,-1,-1,1,-1,1,1,1,1
Exp042268,normal,-1,-1,1,1,1,1,1,1,1,-1,1,1,1,1,1,1,1,1,1,1,1,1,1,1,1,1,-1,1,0,1,1,-1,1,1,1,-1,-1,1,1,1,1
Exp042269,normal,-1,-1,-1,1,-1,1,1,1,1,1,1,1,1,1,1,1,1,1,1,1,1,1,0,1,0,1,-1,1,0,1,1,-1,1,-1,-1,1,-1,-1,0,0,1
Exp042270,normal,-1,1,-1,-1,-1,0,1,1,1,1,1,1,1,1,1,1,1,1,0,1,1,1,1,1,1,0,0,1,0,1,1,0,0,-1,-1,0,-1,1,-1,1,0
Exp042271,normal,-1,-1,-1,-1,-1,-1,0,1,1,1,1,0,1,1,1,1,0,1,1,1,1,1,0,1,1,0,-1,1,0,-1,-1,-1,0,-1,-1,-1,-1,1,0,0,0
Exp042272,normal,-1,-1,-1,1,-1,1,0,1,1,1,1,0,1,1,1,1,1,1,1,0,1,1,0,0,1,0,-1,1,0,-1,-1,-1,0,-1,-1,-1,-1,1,0,0,0
Exp042273,normal,-1,-1,-1,1,-1,-1,0,1,1,-1,1,-1,1,1,1,1,1,1,0,1,1,1,0,1,1,1,-1,1,0,1,-1,-1,1,-1,-1,0,1,-1,0,0,1
Exp042274,normal,-1,-1,-1,-1,-1,0,0,1,1,1,1,1,1,1,1,1,1,1,1,1,1,1,1,1,0,1,-1,1,0,1,-1,-1,0,-1,-1,-1,-1,1,1,1,1
Exp042275,normal,-1,-1,0,-1,1,-1,0,0,0,0,0,0,0,0,0,0,0,0,0,0,0,0,0,0,0,0,0,0,-1,-1,1,0,0,-1,-1,1,-1,1,0,0,1
Exp042276,normal,-1,-1,-1,-1,-1,0,1,1,1,1,1,1,0,1,1,0,1,1,0,1,1,1,0,0,1,1,1,1,0,-1,-1,-1,0,-1,-1,0,1,1,0,0,-1
Exp042277,normal,-1,-1,-1,-1,-1,0,0,1,1,1,1,1,1,0,1,1,1,1,0,1,1,1,1,0,1,0,1,1,0,1,1,1,0,-1,-1,0,0,-1,1,1,0
Exp042278,normal,-1,-1,-1,-1,-1,1,0,1,1,1,1,0,0,1,1,1,1,1,1,1,1,1,1,1,1,1,0,1,0,-1,-1,0,0,1,1,0,-1,1,-1,1,-1
Exp042279,normal,-1,-1,-1,-1,-1,0,0,1,1,1,1,1,1,1,1,1,1,1,1,1,1,0,0,1,0,1,1,1,0,-1,-1,-1,0,-1,-1,-1,1,0,0,0,1
Exp042280,normal,-1,-1,-1,1,1,0,1,1,1,1,1,1,1,1,1,1,1,1,1,1,1,1,0,1,1,0,1,1,-1,-1,-1,-1,1,1,1,-1,1,1,0,0,0
Exp042203,normal,-1,-1,-1,-1,-1,0,1,1,1,1,1,1,1,1,1,1,1,1,0,1,1,1,1,-1,1,1,1,0,0,-1,-1,-1,0,-1,1,0,-1,1,1,1,-1
Exp042204,normal,1,1,-1,-1,1,1,1,1,1,1,1,1,1,1,1,1,1,1,1,1,1,1,1,1,1,1,1,1,0,1,1,-1,1,-1,-1,-1,-1,-1,1,1,-1
Exp042205,normal,1,1,-1,-1,-1,0,1,1,1,1,1,1,1,1,1,1,1,1,0,1,1,1,0,0,1,1,1,1,1,1,1,-1,0,-1,-1,0,1,-1,0,0,1
Exp042206,normal,-1,-1,-1,1,-1,0,1,1,1,1,1,1,1,1,1,1,1,1,1,1,1,1,0,1,1,1,1,1,0,-1,-1,-1,0,-1,-1,-1,-1,1,0,0,1
Exp042207,normal,-1,-1,-1,-1,-1,-1,0,1,1,1,1,1,1,1,1,1,1,1,1,0,1,1,0,1,0,1,1,1,0,-1,-1,-1,1,-1,1,-1,-1,1,0,0,-1
Exp042208,normal,-1,-1,-1,-1,1,0,1,0,1,1,1,1,1,1,1,1,1,1,1,1,1,1,1,-1,0,0,1,0,0,1,1,-1,0,1,1,-1,-1,-1,1,1,0
Exp042209,normal,-1,1,-1,-1,-1,0,0,1,1,1,1,1,1,-1,1,1,0,1,1,1,1,1,0,0,0,1,1,1,1,-1,-1,-1,0,-1,-1,-1,1,1,0,0,-1
Exp042210,normal,1,1,-1,1,1,0,0,1,1,1,1,1,1,1,1,1,1,1,0,1,1,1,1,0,0,0,1,1,0,-1,-1,1,0,-1,-1,0,-1,-1,1,1,0
Exp042299,normal,-1,-1,-1,-1,-1,1,0,1,1,1,1,1,1,1,1,1,1,1,1,0,1,1,1,1,1,1,1,0,1,1,1,-1,0,1,1,-1,1,-1,-1,-1,1
Exp042218,normal,1,1,-1,-1,-1,1,1,1,1,1,1,1,1,1,1,1,1,1,1,0,1,1,0,1,-1,1,1,0,1,-1,1,-1,0,-1,-1,-1,-1,1,0,0,-1
Exp042434,normal,-1,-1,-1,-1,-1,0,0,1,0,1,1,1,0,1,1,1,1,1,1,1,1,0,1,0,1,1,1,0,-1,0,0,0,-1,-1,1,0,-1,0,1,1,1
Exp042437,normal,-1,1,-1,-1,-1,0,1,1,1,1,1,1,1,1,1,1,1,1,1,1,1,1,1,0,1,0,0,1,1,-1,-1,0,1,-1,-1,-1,-1,-1,-1,-1,0
Exp042461,normal,1,-1,-1,1,1,-1,0,1,1,1,1,1,1,1,1,1,1,1,1,1,0,1,1,1,1,0,-1,1,0,-1,-1,-1,0,1,1,1,-1,1,1,-1,0
Exp042469,normal,-1,-1,-1,-1,-1,1,1,1,1,1,0,1,1,1,1,1,1,1,1,1,1,1,1,0,1,1,1,1,0,-1,-1,-1,0,0,0,1,-1,1,1,1,-1
Exp042480,normal,-1,1,-1,1,1,-1,1,1,1,-1,1,1,1,1,1,1,1,1,1,0,1,1,1,1,1,0,0,1,-1,-1,-1,0,-1,-1,-1,-1,-1,1,1,1,0
Exp042482,normal,-1,-1,1,-1,-1,0,1,1,0,-1,-1,-1,1,1,-1,1,-1,1,-1,1,-1,1,1,0,0,0,0,1,-1,0,0,0,1,-1,-1,-1,-1,1,1,1,0
Exp042491,normal,-1,-1,-1,-1,-1,-1,1,1,-1,1,1,1,-1,1,-1,-1,1,1,1,1,1,1,0,0,-1,1,-1,1,0,-1,1,-1,1,-1,-1,1,-1,1,0,0,1
Exp042492,normal,1,-1,0,-1,-1,-1,0,0,0,0,0,0,0,0,0,0,0,0,0,0,0,0,0,0,0,0,0,0,-1,0,0,0,1,-1,-1,1,-1,1,1,1,1
Exp042494,normal,-1,-1,-1,-1,-1,0,0,1,1,0,0,1,1,1,1,1,1,1,1,1,1,1,0,1,1,0,1,1,0,-1,-1,-1,0,0,0,-1,-1,1,0,0,0
Exp042501,normal,-1,1,1,-1,1,-1,1,1,-1,-1,1,-1,-1,-1,-1,-1,1,-1,-1,0,-1,-1,1,0,-1,-1,-1,-1,1,1,1,1,1,-1,-1,1,1,-1,1,-1,1
Exp042527,normal,-1,-1,-1,-1,-1,-1,0,1,1,1,0,1,1,1,1,1,1,1,1,1,0,1,0,0,1,0,-1,1,-1,-1,-1,-1,0,0,0,-1,-1,1,0,0,0
Exp042554,normal,-1,0,-1,-1,-1,0,1,1,0,1,1,1,1,1,1,1,1,1,1,1,1,0,1,1,1,1,1,1,-1,0,0,0,1,-1,-1,1,-1,0,-1,-1,1
Exp042576,normal,-1,-1,-1,-1,-1,-1,0,1,1,1,1,1,1,1,1,1,1,1,1,1,1,1,1,1,1,1,1,1,1,-1,-1,-1,0,-1,-1,-1,1,1,1,1,1
Exp042577,normal,1,1,-1,1,-1,-1,1,1,1,1,1,1,1,1,1,1,1,1,1,1,1,1,1,1,1,1,1,1,0,-1,-1,-1,-1,-1,-1,-1,1,1,-1,1,1
Exp042580,normal,-1,-1,1,-1,-1,-1,0,1,-1,-1,-1,-1,1,1,-1,1,1,-1,-1,-1,-1,-1,1,0,-1,-1,-1,-1,1,-1,-1,-1,1,-1,-1,-1,-1,1,-1,-1,1
Exp042572,normal,-1,-1,-1,-1,1,0,1,1,1,1,1,1,1,1,1,1,1,1,1,1,1,1,1,0,1,1,1,1,0,1,1,-1,1,-1,1,1,-1,1,1,1,-1
Exp042585,normal,-1,-1,1,1,-1,-1,1,1,1,1,1,-1,-1,1,-1,1,1,0,-1,-1,-1,-1,1,1,-1,-1,1,-1,0,-1,-1,1,-1,-1,-1,-1,-1,-1,1,1,1
Exp042586,normal,-1,1,-1,-1,-1,-1,1,1,-1,-1,0,1,1,1,-1,1,-1,1,1,1,-1,-1,1,-1,0,-1,-1,1,0,1,1,-1,1,0,0,-1,-1,-1,1,1,1
Exp042596,normal,1,1,-1,-1,-1,-1,1,1,0,1,0,1,1,1,1,1,1,1,1,1,0,0,1,1,0,1,-1,0,1,0,0,0,1,0,0,1,1,0,1,1,1
Exp042601,normal,-1,-1,-1,-1,-1,1,1,1,1,1,1,1,1,1,1,1,1,1,1,1,1,1,1,1,1,1,1,1,1,-1,1,-1,0,-1,1,-1,-1,1,1,-1,1
Exp042609,normal,-1,1,-1,-1,-1,0,1,1,1,1,1,1,1,1,1,1,1,1,1,0,1,1,1,1,1,1,1,0,0,-1,-1,-1,0,-1,-1,-1,-1,-1,-1,-1,1
Exp042617,normal,-1,1,-1,-1,-1,-1,0,1,1,1,0,1,1,1,1,1,1,1,1,0,1,1,1,1,1,0,1,1,1,-1,-1,-1,0,0,0,-1,-1,1,-1,-1,0
Exp042626,normal,1,1,0,1,-1,1,1,0,0,0,0,0,0,0,0,0,0,0,0,0,0,0,0,0,0,0,0,0,0,1,-1,-1,0,-1,-1,1,-1,-1,-1,-1,1
Exp042629,normal,1,1,-1,-1,-1,-1,0,1,1,1,1,1,1,1,1,1,1,1,1,1,1,1,1,1,1,1,1,1,0,-1,1,-1,0,-1,-1,1,-1,-1,-1,-1,1
Exp042637,normal,-1,1,-1,-1,-1,0,1,1,1,1,1,1,1,1,1,1,1,1,1,0,1,1,1,0,1,1,1,0,0,1,1,1,1,1,1,-1,-1,-1,1,1,1
Exp042639,normal,-1,1,-1,-1,-1,-1,1,1,-1,1,1,1,1,1,1,1,1,1,1,0,1,-1,1,0,0,1,-1,1,0,1,1,1,1,-1,-1,1,-1,-1,-1,-1,1
Exp042658,normal,-1,-1,-1,-1,-1,0,1,1,1,1,1,1,1,1,1,1,1,1,1,0,1,1,1,1,0,1,1,0,-1,-1,-1,-1,-1,-1,-1,-1,1,1,1,1,1
Exp042662,normal,0,1,-1,1,1,-1,1,1,1,1,1,1,1,1,1,1,1,0,1,1,1,1,1,1,0,1,1,0,0,-1,-1,-1,-1,-1,-1,-1,-1,-1,-1,-1,1
Exp042665,normal,-1,-1,-1,-1,-1,-1,1,1,1,1,1,1,1,1,1,1,1,1,1,1,1,1,1,1,0,1,1,1,1,-1,-1,-1,1,-1,-1,-1,1,1,-1,-1,1
Exp042672,normal,0,1,-1,1,1,1,1,1,1,0,1,1,1,1,1,1,1,1,1,1,1,1,1,1,0,1,1,1,1,-1,1,-1,1,-1,-1,1,1,-1,1,1,1
Exp042684,normal,-1,-1,1,-1,-1,-1,1,1,1,-1,1,-1,-1,-1,-1,-1,-1,1,-1,-1,0,1,1,-1,0,1,-1,-1,-1,-1,-1,-1,0,-1,-1,-1,1,1,1,1,1
Exp044053,normal,-1,1,1,-1,1,1,0,1,-1,-1,1,1,1,1,-1,1,1,1,1,0,-1,-1,1,1,-1,-1,-1,1,-1,-1,1,-1,0,-1,1,1,-1,1,1,1,-1
Exp044020,normal,-1,-1,-1,-1,-1,1,1,1,1,1,-1,1,0,-1,1,1,-1,-1,1,0,1,1,1,1,-1,1,-1,1,-1,-1,-1,-1,0,1,1,0,1,1,1,1,1
Exp044021,normal,-1,-1,-1,1,-1,0,1,1,1,1,1,0,1,1,1,1,1,1,1,1,1,1,1,1,0,1,-1,1,1,1,-1,-1,0,-1,-1,-1,-1,1,1,1,1
Exp044024,normal,1,0,-1,-1,-1,-1,0,1,0,-1,0,-1,1,1,-1,-1,1,1,-1,-1,-1,-1,1,1,-1,1,-1,1,0,0,0,0,0,0,0,-1,-1,1,1,1,1
Exp044026,normal,-1,-1,-1,-1,-1,1,1,1,1,1,1,1,1,1,1,1,1,1,1,1,1,1,1,1,0,1,1,1,0,-1,-1,-1,0,-1,-1,1,-1,1,1,-1,1
Exp044033,normal,-1,-1,1,1,1,0,1,1,1,1,1,1,1,1,1,1,1,-1,1,0,1,1,1,1,-1,1,-1,1,-1,1,1,-1,0,-1,1,1,1,-1,1,1,1
Exp044034,normal,-1,-1,1,1,-1,-1,1,-1,1,-1,-1,-1,0,-1,-1,-1,-1,1,-1,-1,-1,-1,1,-1,-1,1,-1,-1,0,-1,-1,-1,0,-1,-1,0,1,1,1,1,1
Exp044035,normal,-1,-1,-1,1,-1,0,0,1,1,1,1,1,1,1,1,0,1,1,1,1,1,1,1,1,0,1,1,1,0,-1,-1,-1,0,1,-1,-1,-1,1,0,-1,1
Exp044036,normal,-1,-1,-1,-1,1,1,1,1,-1,0,1,1,1,-1,-1,1,1,0,1,1,-1,1,1,1,-1,1,-1,1,0,1,1,-1,0,-1,-1,-1,1,1,1,1,-1
Exp044086,normal,-1,-1,-1,-1,-1,0,0,1,1,0,0,-1,0,1,-1,1,1,1,1,1,0,1,0,1,-1,0,-1,1,0,-1,-1,-1,0,0,0,0,-1,1,0,0,0
Exp044104,normal,0,-1,0,0,0,-1,1,1,0,1,1,1,1,1,1,1,1,1,1,0,1,1,1,1,1,0,-1,1,0,0,0,0,0,1,-1,1,1,1,1,1,0
Exp044045,normal,-1,-1,-1,-1,1,0,0,1,0,1,1,1,0,1,1,1,1,0,1,1,1,1,1,1,1,0,1,1,0,0,0,0,0,1,1,0,-1,1,1,1,0
Exp044060,normal,-1,-1,-1,1,1,-1,0,1,1,1,1,1,0,1,1,1,1,1,1,1,1,1,1,1,1,0,1,1,0,-1,-1,-1,0,-1,-1,0,-1,1,1,1,0
Exp044099,normal,1,-1,-1,-1,-1,-1,0,1,1,1,1,1,1,1,1,1,1,0,1,0,1,1,1,1,1,1,0,0,0,-1,-1,0,0,-1,-1,-1,-1,-1,1,1,-1
Exp044088,normal,-1,-1,-1,-1,1,-1,0,1,0,1,1,1,0,1,1,1,1,1,1,1,0,1,1,1,1,0,1,1,1,0,0,0,0,1,1,0,1,1,1,1,0
Exp041926,normal,-1,-1,-1,-1,-1,-1,1,1,0,1,1,1,0,1,1,1,1,1,1,1,1,1,1,1,1,0,1,1,0,0,0,0,0,-1,-1,0,-1,1,1,1,0
Exp044110,normal,-1,-1,-1,1,1,-1,1,1,0,1,1,1,0,1,1,1,1,1,1,1,1,1,0,1,1,1,1,1,0,0,0,0,1,-1,-1,0,-1,1,0,0,1
Exp044137,normal,-1,-1,0,1,1,0,1,0,0,0,0,0,0,0,0,0,0,0,0,0,0,0,0,0,0,0,0,0,0,0,0,0,-1,-1,-1,0,1,0,1,1,1
Exp044308,normal,-1,-1,1,1,1,0,1,1,0,0,0,1,1,1,1,1,1,0,1,1,0,0,1,1,-1,1,1,1,-1,0,0,0,0,0,0,-1,-1,0,1,1,1
Exp044170,normal,-1,1,-1,1,1,-1,1,1,1,1,1,1,1,1,1,1,1,1,1,0,1,1,1,1,1,1,1,0,1,1,1,-1,1,-1,-1,1,-1,-1,1,-1,-1
Exp044186,normal,-1,-1,-1,-1,-1,-1,1,1,1,1,1,1,1,1,1,1,1,1,1,1,1,1,1,0,1,1,1,1,1,-1,-1,-1,1,-1,-1,1,-1,1,-1,1,1
Exp044181,normal,-1,-1,1,-1,-1,-1,1,-1,-1,-1,-1,-1,-1,-1,-1,-1,-1,-1,-1,-1,-1,-1,-1,-1,0,-1,-1,-1,0,1,1,1,0,-1,-1,1,-1,1,1,-1,-1
Exp044208,normal,-1,1,-1,1,1,1,1,1,1,1,1,1,1,1,1,1,1,1,1,1,1,1,1,1,1,1,1,0,1,-1,-1,-1,1,-1,-1,-1,-1,1,1,1,1
Exp044211,normal,-1,-1,-1,-1,-1,-1,1,1,1,1,1,1,1,1,1,1,1,1,1,0,1,1,1,1,-1,1,1,1,1,-1,-1,-1,1,-1,-1,-1,-1,1,1,1,1
Exp044227,normal,-1,-1,-1,1,-1,0,1,1,1,1,1,1,1,1,1,1,1,1,1,0,1,1,1,1,1,0,1,1,-1,-1,-1,-1,1,-1,-1,-1,-1,-1,1,1,0
Exp044228,normal,-1,1,-1,-1,-1,-1,0,1,1,1,1,1,1,1,1,1,1,1,1,0,1,1,1,1,1,1,1,1,-1,-1,-1,-1,-1,-1,-1,-1,-1,-1,1,1,1
Exp044238,normal,1,1,-1,-1,-1,-1,1,1,1,1,1,1,1,1,1,1,1,1,1,0,0,1,1,0,1,1,1,1,0,1,1,1,1,1,1,1,-1,1,-1,-1,1
Exp044282,normal,1,-1,0,-1,-1,0,1,0,0,0,0,0,0,0,0,0,0,0,0,0,0,0,0,0,0,0,0,0,0,-1,-1,-1,0,-1,-1,-1,-1,1,1,1,0
Exp044283,normal,-1,1,-1,1,1,1,1,1,1,1,1,1,1,1,1,1,1,1,1,0,1,1,1,1,1,0,1,1,1,-1,-1,-1,0,-1,-1,1,1,1,1,1,0
Exp044255,normal,-1,-1,0,1,1,0,1,0,0,0,0,0,0,0,0,0,0,0,0,0,0,0,0,0,0,0,0,0,0,-1,-1,-1,0,-1,-1,-1,1,1,-1,-1,1
Exp044270,normal,1,-1,0,-1,-1,0,1,0,0,0,0,0,0,0,0,0,0,0,0,0,0,0,0,0,0,0,0,0,1,-1,1,-1,0,-1,-1,1,-1,-1,0,1,0
Exp044271,normal,1,1,1,1,1,0,0,-1,-1,-1,-1,-1,-1,-1,-1,-1,-1,-1,-1,-1,-1,-1,0,-1,-1,0,-1,-1,0,-1,-1,-1,1,-1,-1,1,-1,1,0,0,0
Exp044307,normal,-1,-1,-1,-1,-1,0,1,1,1,1,1,1,0,1,1,1,1,1,1,0,1,1,1,0,1,1,1,1,-1,-1,-1,-1,0,1,1,0,1,1,1,1,1
Exp044323,normal,-1,-1,-1,-1,-1,0,1,1,0,1,-1,0,1,1,-1,1,1,1,-1,0,1,1,1,-1,-1,-1,-1,1,0,0,0,0,0,1,1,-1,-1,1,1,1,-1
Exp044332,normal,-1,-1,-1,-1,1,1,1,1,1,0,1,1,1,1,1,1,1,1,1,0,1,1,1,1,1,1,1,1,-1,-1,-1,-1,0,-1,-1,-1,-1,1,-1,-1,-1
Exp043243,normal,-1,-1,-1,-1,-1,0,1,1,0,1,1,1,1,1,1,1,1,1,0,1,1,0,1,1,1,0,1,1,0,0,0,0,0,-1,-1,0,1,0,1,1,0
Exp043298,normal,-1,-1,-1,-1,-1,-1,1,1,1,0,0,1,1,1,1,1,1,1,1,0,1,1,1,0,1,0,1,1,0,1,-1,-1,-1,0,0,-1,-1,1,1,1,0
Exp043329,normal,-1,1,-1,-1,-1,0,0,1,1,1,1,1,1,1,1,1,1,1,1,1,1,1,0,1,1,0,1,1,0,-1,-1,-1,1,-1,1,-1,-1,1,0,0,0
Exp042368,normal,-1,-1,1,-1,-1,0,1,0,0,1,1,0,0,-1,-1,1,0,-1,-1,0,1,0,0,-1,-1,0,-1,0,0,0,0,0,0,-1,-1,0,1,0,0,0,0
Exp042370,normal,-1,0,-1,1,1,0,0,1,0,1,1,1,1,1,1,1,1,1,1,1,1,0,1,1,1,0,0,0,1,0,0,0,0,1,1,-1,1,0,1,1,0
Exp042392,normal,-1,-1,1,1,-1,0,0,1,0,-1,0,-1,0,0,-1,-1,-1,0,-1,0,-1,0,-1,-1,-1,1,1,1,0,0,0,0,0,0,0,0,0,0,1,-1,1
Exp042360,normal,-1,-1,0,-1,-1,0,0,0,0,0,0,0,0,0,0,0,0,0,0,0,0,0,0,0,0,0,0,0,-1,1,1,1,1,-1,-1,-1,1,1,-1,-1,-1
Exp042219,normal,-1,-1,0,1,1,0,0,0,0,0,0,0,0,0,0,0,0,0,0,0,0,0,0,0,0,0,0,0,0,-1,-1,-1,1,-1,-1,-1,1,1,0,0,0
Exp042220,normal,-1,-1,-1,1,1,-1,0,1,1,1,1,1,1,1,1,1,1,1,0,1,0,1,1,1,1,0,1,1,1,-1,-1,-1,0,-1,-1,0,1,1,1,1,0
Exp042221,normal,-1,-1,0,-1,-1,0,1,0,0,0,0,0,0,0,0,0,0,0,0,0,0,0,0,0,0,0,0,0,0,-1,-1,-1,0,-1,-1,-1,-1,1,1,1,1
Exp042222,normal,1,-1,-1,-1,1,1,0,1,1,1,1,1,1,1,1,1,1,1,1,1,1,1,1,1,1,0,1,1,1,-1,1,-1,1,-1,-1,1,-1,-1,-1,-1,0
Exp042223,normal,-1,-1,-1,-1,-1,-1,0,1,1,1,0,1,0,1,1,1,1,0,1,1,1,1,1,1,1,0,1,1,0,-1,-1,-1,0,0,0,0,-1,1,-1,-1,0
Exp042224,normal,1,1,-1,-1,1,1,0,1,1,1,1,1,1,1,1,1,1,1,0,1,1,1,1,1,1,0,1,1,0,-1,-1,-1,0,-1,1,0,1,1,1,1,0
Exp042225,normal,1,-1,1,-1,1,-1,0,-1,-1,-1,1,-1,-1,-1,-1,-1,-1,1,-1,-1,-1,-1,-1,1,-1,-1,-1,-1,0,1,1,1,-1,-1,-1,-1,-1,1,1,1,1
Exp042226,normal,1,1,-1,-1,1,0,1,1,1,1,1,1,1,1,1,1,1,1,1,1,1,1,1,1,1,0,1,1,1,-1,1,-1,-1,-1,1,-1,-1,1,-1,-1,0
Exp042227,normal,1,1,-1,-1,1,0,1,-1,1,1,0,1,1,1,1,1,1,1,1,1,1,1,1,0,1,0,1,1,1,-1,1,-1,0,0,0,1,-1,-1,1,1,0
Exp042228,normal,-1,-1,-1,-1,-1,0,0,1,1,1,1,1,0,1,1,1,1,1,1,1,1,0,0,1,1,0,0,1,0,-1,-1,0,0,1,1,0,-1,0,0,0,0
Exp042229,normal,-1,-1,-1,1,1,0,1,1,0,1,1,1,1,1,1,1,1,1,1,1,0,0,1,1,1,1,1,1,0,0,0,0,0,1,1,-1,1,0,1,1,1
Exp042230,normal,-1,-1,-1,1,1,1,0,1,0,1,0,1,1,1,1,1,1,1,1,1,0,1,1,1,1,0,1,1,1,0,0,0,1,0,0,-1,1,1,1,-1,0
Exp042231,normal,-1,-1,0,0,0,0,0,0,0,0,0,0,0,0,0,0,0,0,0,0,0,0,0,0,0,0,0,0,0,1,1,1,0,1,1,0,-1,1,1,1,0
Exp042232,normal,-1,-1,-1,1,1,0,0,1,1,1,1,1,1,1,1,1,1,1,1,1,0,0,1,1,0,0,1,1,0,-1,-1,-1,0,-1,-1,-1,-1,0,1,1,0
Exp042233,normal,-1,-1,-1,-1,-1,-1,0,1,0,1,1,0,1,1,1,1,1,0,1,1,0,0,0,1,1,1,1,1,0,0,0,0,0,-1,-1,-1,-1,0,0,0,1
Exp042234,normal,-1,-1,-1,-1,-1,0,0,1,0,1,1,1,1,1,1,1,1,1,1,1,1,1,1,1,0,0,1,1,0,0,0,0,0,-1,-1,-1,-1,1,1,1,0
Exp042235,normal,-1,-1,0,-1,-1,-1,0,0,0,0,0,0,0,0,0,0,0,0,0,0,0,0,0,0,0,0,0,0,-1,-1,-1,-1,1,0,0,-1,-1,0,1,1,0
Exp042245,normal,-1,-1,0,-1,-1,-1,0,0,0,0,0,0,0,0,0,0,0,0,0,0,0,0,0,0,0,0,0,0,-1,-1,-1,-1,1,-1,-1,-1,-1,0,1,1,0
Exp042246,normal,-1,0,0,0,0,0,0,1,1,1,1,1,0,1,1,1,1,0,1,1,1,0,1,1,1,1,1,1,0,-1,-1,-1,0,1,1,0,-1,0,1,1,-1
Exp042247,normal,1,-1,-1,1,1,0,0,1,1,0,0,1,1,1,1,1,1,1,1,1,1,1,1,1,1,0,1,1,1,1,1,-1,1,0,0,1,-1,1,1,1,0
Exp042248,normal,-1,1,-1,1,-1,0,0,1,1,1,1,1,1,0,1,1,1,1,1,1,1,1,1,1,1,0,1,1,-1,1,1,-1,1,-1,-1,-1,0,-1,1,-1,0
Exp042249,normal,-1,-1,-1,-1,-1,0,0,1,1,1,1,1,1,1,1,1,1,1,1,1,1,1,1,1,1,0,1,1,0,1,1,1,1,-1,-1,-1,1,1,1,-1,0
Exp042250,normal,-1,-1,-1,-1,-1,1,1,1,-1,-1,-1,-1,-1,-1,-1,-1,-1,-1,-1,0,1,1,-1,-1,0,-1,-1,-1,0,1,-1,-1,1,1,-1,1,-1,1,-1,-1,-1
Exp042251,normal,-1,-1,-1,-1,-1,0,0,1,1,1,1,1,1,1,1,1,1,1,1,1,1,1,1,1,1,0,1,1,0,-1,-1,-1,1,-1,-1,-1,1,1,-1,-1,0
Exp042252,normal,1,-1,1,1,-1,0,0,-1,-1,-1,0,-1,-1,-1,-1,-1,-1,1,-1,-1,-1,-1,-1,0,-1,0,0,-1,0,1,-1,0,0,0,0,-1,-1,-1,1,1,0
Exp042253,normal,1,1,-1,-1,-1,-1,0,-1,1,1,1,-1,1,1,-1,1,1,1,-1,-1,-1,-1,1,-1,0,0,-1,1,-1,-1,-1,-1,0,-1,-1,-1,-1,1,1,1,0
Exp042236,normal,-1,-1,0,0,0,0,0,1,1,1,1,1,1,1,1,1,1,1,1,1,1,0,1,1,0,1,1,1,1,-1,-1,-1,-1,1,1,-1,-1,0,1,1,1
Exp042237,normal,-1,-1,-1,-1,-1,-1,1,1,1,1,1,1,1,1,1,1,1,1,1,1,1,1,1,1,1,1,1,1,0,-1,-1,-1,-1,-1,-1,1,-1,1,1,1,1
Exp042238,normal,-1,-1,-1,-1,-1,1,0,1,1,1,1,1,1,1,1,1,1,1,1,0,0,1,1,0,0,1,1,1,0,-1,-1,-1,0,-1,-1,-1,-1,1,-1,-1,1
Exp042239,normal,-1,-1,-1,1,1,0,0,1,1,1,1,1,0,1,1,1,1,1,1,1,1,0,0,1,1,1,1,1,0,-1,-1,-1,0,-1,-1,0,-1,0,0,0,1
Exp042240,normal,-1,-1,-1,-1,-1,1,1,1,0,1,1,1,1,1,1,1,1,1,1,1,1,0,1,1,1,0,1,1,0,0,0,0,-1,1,1,-1,1,0,1,1,0
Exp042241,normal,-1,-1,-1,-1,-1,0,1,1,1,1,1,1,1,1,1,1,1,1,1,1,0,1,1,0,1,1,1,0,0,-1,-1,1,0,-1,-1,-1,-1,1,1,1,-1
Exp042242,normal,-1,-1,0,0,0,1,1,1,1,1,1,1,1,1,1,1,1,1,1,1,0,1,1,1,0,0,1,1,0,-1,-1,-1,1,1,-1,-1,-1,1,-1,1,0
Exp042243,normal,-1,-1,0,1,1,0,0,0,0,0,0,0,0,0,0,0,0,0,0,0,0,0,0,0,0,0,0,0,1,-1,-1,0,0,-1,-1,-1,-1,1,1,1,0
Exp042244,normal,-1,-1,0,0,0,-1,1,1,1,1,1,1,1,1,1,1,1,1,1,1,1,1,1,1,1,1,1,1,0,-1,-1,-1,0,-1,-1,-1,-1,1,1,1,1
Exp042196,normal,1,1,-1,1,1,-1,1,1,1,1,1,1,1,1,1,1,1,1,0,1,-1,1,0,1,1,0,1,1,0,1,1,1,0,1,1,0,-1,-1,0,0,0
Exp042192,normal,-1,-1,-1,-1,-1,1,1,1,1,1,1,1,1,1,1,1,1,1,0,0,1,1,1,1,0,1,1,1,1,-1,-1,-1,0,-1,-1,0,-1,1,1,1,1
Exp042193,normal,1,-1,-1,-1,1,-1,0,1,1,1,1,0,1,1,1,1,1,1,1,1,1,1,1,1,1,0,1,1,-1,1,1,1,0,-1,-1,1,-1,-1,1,1,0
Exp042194,normal,-1,1,-1,-1,-1,-1,0,1,1,1,1,1,1,1,1,1,1,1,1,1,1,1,1,1,1,0,0,1,1,-1,-1,0,-1,-1,-1,1,-1,1,1,1,0
Exp042195,normal,-1,1,-1,-1,-1,1,0,1,1,0,1,1,1,1,1,1,1,1,0,1,1,1,1,0,1,0,1,1,1,1,1,1,1,-1,-1,0,-1,1,1,-1,0
Exp042174,normal,-1,1,-1,-1,-1,-1,0,1,1,1,1,1,1,1,1,1,1,1,0,1,0,0,1,1,0,1,1,1,-1,-1,-1,-1,0,-1,-1,0,-1,0,-1,-1,-1
Exp042175,normal,-1,-1,-1,1,1,0,0,1,0,1,1,1,1,1,1,1,1,1,0,1,0,0,0,1,0,1,1,0,-1,0,0,0,1,-1,-1,0,-1,0,0,0,1
Exp042176,normal,-1,-1,-1,-1,-1,0,1,1,0,1,0,1,0,1,1,1,1,1,1,1,0,0,0,0,0,1,1,1,0,0,0,0,0,0,0,0,-1,0,0,0,1
Exp042177,normal,-1,0,-1,1,-1,-1,0,0,1,1,1,1,1,1,1,1,1,0,0,1,1,0,1,1,0,1,1,1,0,-1,-1,-1,0,-1,-1,0,-1,0,1,1,1
Exp042178,normal,-1,1,1,-1,-1,-1,1,1,0,1,0,-1,-1,1,-1,1,1,1,0,-1,1,-1,1,1,0,-1,-1,1,-1,0,0,0,1,0,0,0,-1,1,-1,1,-1
Exp042179,normal,-1,-1,-1,-1,-1,0,1,1,0,1,1,1,0,1,1,1,1,1,1,1,0,1,1,1,0,1,0,1,0,0,0,0,0,1,-1,0,-1,1,1,1,1
Exp042180,normal,-1,-1,-1,-1,-1,1,1,1,1,1,1,1,1,1,1,1,1,1,0,1,1,0,1,1,0,1,1,1,-1,1,1,-1,0,-1,-1,0,-1,0,-1,-1,1
Exp042181,normal,-1,-1,0,0,0,0,0,1,0,1,1,1,1,1,1,1,1,0,0,1,0,0,1,1,0,0,1,1,0,0,0,0,0,-1,-1,0,1,0,1,1,0
Exp042182,normal,-1,-1,1,1,1,-1,1,1,1,1,1,1,1,0,1,1,1,0,1,1,-1,-1,1,1,0,1,-1,1,-1,-1,-1,-1,-1,-1,-1,1,0,-1,1,1,1
Exp042183,normal,-1,1,0,-1,1,0,0,0,0,0,0,0,0,0,0,0,0,0,0,0,0,0,0,0,0,0,0,0,-1,-1,-1,-1,0,-1,-1,0,0,1,-1,-1,-1
Exp042184,normal,-1,1,-1,-1,-1,-1,0,1,1,1,1,1,1,0,1,1,1,1,1,1,1,1,1,1,0,1,1,1,0,-1,-1,-1,0,-1,-1,-1,0,1,1,1,1
Exp042185,normal,1,1,1,-1,1,1,0,-1,-1,-1,-1,-1,-1,-1,-1,-1,-1,1,1,-1,-1,-1,-1,1,-1,0,-1,-1,0,-1,1,-1,1,-1,-1,1,-1,1,1,-1,0
Exp042186,normal,-1,1,-1,-1,-1,-1,0,1,1,1,1,1,1,1,1,1,1,1,1,1,1,1,1,1,1,1,1,1,0,-1,-1,-1,0,-1,-1,1,-1,1,1,-1,1
Exp042187,normal,1,1,-1,1,1,-1,1,1,1,0,1,1,1,1,1,1,1,1,1,1,1,1,0,0,1,1,0,1,0,1,1,0,0,-1,-1,1,-1,-1,0,0,1
Exp042188,normal,1,-1,1,-1,-1,0,1,-1,-1,0,0,0,-1,-1,-1,0,1,1,-1,-1,0,0,-1,-1,-1,-1,0,0,0,-1,-1,0,0,0,0,1,-1,0,0,-1,1
Exp042189,normal,-1,-1,-1,1,1,-1,0,1,1,1,1,1,1,1,1,1,1,1,1,0,1,1,1,1,1,1,1,1,1,1,1,1,1,-1,-1,1,-1,-1,1,1,1
Exp042191,normal,-1,1,-1,-1,-1,-1,0,1,1,1,1,1,1,1,1,1,1,1,1,1,1,1,1,1,1,0,1,1,0,-1,-1,-1,0,-1,-1,1,-1,1,1,-1,0
Exp042173,normal,-1,-1,-1,-1,-1,1,1,1,0,1,0,1,1,1,1,1,1,1,1,0,1,1,0,1,0,0,0,1,0,0,0,0,1,0,0,1,1,1,0,0,0
Exp042259,normal,1,1,0,-1,-1,-1,0,0,0,0,0,0,0,0,0,0,0,0,0,0,0,0,0,0,0,0,0,0,1,1,1,1,1,1,1,1,-1,-1,-1,-1,1
Exp042190,normal,-1,1,1,-1,-1,-1,0,-1,-1,0,-1,-1,-1,-1,-1,-1,1,-1,-1,-1,-1,-1,-1,-1,-1,-1,-1,-1,0,1,-1,-1,0,1,-1,1,1,-1,-1,-1,-1
Exp070568,normal,-1,-1,-1,-1,-1,0,1,-1,0,1,-1,1,-1,1,-1,-1,1,1,1,-1,-1,0,-1,1,-1,-1,0,0,0,0,0,0,1,-1,-1,1,-1,0,-1,-1,1
Exp070502,normal,1,1,0,0,0,0,1,-1,1,1,-1,-1,-1,-1,-1,-1,1,-1,-1,-1,-1,-1,-1,-1,0,0,1,1,1,-1,-1,1,1,1,1,1,-1,1,1,-1,0
Exp070513,normal,1,-1,0,-1,-1,1,0,0,0,0,0,0,0,0,0,0,0,0,0,0,0,0,0,0,0,0,0,0,1,1,-1,1,1,-1,-1,1,1,1,1,1,1
Exp070531,normal,-1,1,-1,-1,-1,0,1,1,1,1,1,1,1,1,1,1,1,1,1,1,1,1,0,1,1,0,1,1,0,-1,1,-1,1,-1,-1,-1,-1,1,0,0,0
Exp070521,normal,1,-1,0,-1,-1,0,1,0,0,0,0,0,0,0,0,0,0,0,0,0,0,0,0,0,0,0,0,0,0,-1,-1,-1,0,-1,-1,-1,-1,1,0,-1,1
Exp070589,normal,-1,-1,0,-1,-1,0,1,0,0,0,0,0,0,0,0,0,0,0,0,0,0,0,0,0,0,0,0,0,0,-1,-1,-1,0,-1,-1,-1,1,1,0,1,1
Exp070528,normal,-1,-1,0,-1,-1,1,1,0,0,0,0,0,0,0,0,0,0,0,0,0,0,0,0,0,0,0,0,0,1,-1,-1,-1,0,-1,-1,-1,-1,1,-1,1,1
Exp070571,normal,-1,0,-1,-1,-1,0,0,1,0,1,1,1,1,1,1,0,1,1,1,1,1,1,0,1,1,1,1,1,0,0,0,0,0,-1,-1,1,-1,1,0,0,1
Exp070517,normal,-1,0,0,0,0,0,1,1,0,1,1,1,1,1,1,0,1,1,1,1,0,0,0,1,1,1,1,1,0,0,0,0,-1,-1,1,-1,-1,0,0,0,-1