Exp,Sample type,ACTB_large_than_C8G,ACTB_large_than_MST1,ACTB_large_than_RPRD1B,ACTN1_large_than_ENO1,AHNAK_large_than_BLMH,AHNAK_large_than_CAMP,AHNAK_large_than_LAMB1,AHNAK_large_than_PKM,ALDOA_large_than_THBS1,APOD_large_than_FN1,BLMH_large_than_CAMP,BLMH_large_than_PKM,C1R_large_than_C2,C5_large_than_C7,C6_large_than_C8G,CFL1_large_than_ICAM1,CFL1_large_than_LDHB,CLIC1_large_than_LAMB1,ENO1_large_than_GDI2,ENO1_large_than_HNF4A,ENO1_large_than_ICAM1,ENO1_large_than_LDHB,FBLN1_large_than_PSMC1,FN1_large_than_PROS1,GDI2_large_than_TAGLN2,GSTO1_large_than_LCP1,GSTO1_large_than_MYH9,GSTO1_large_than_TGFBI,HNF4A_large_than_PKM,HSPA8_large_than_PKM,ICAM1_large_than_MYH9,ICAM1_large_than_TPM4,LCP1_large_than_TPM4,LDHB_large_than_TAGLN2,MPO_large_than_TIMP1,MST1_large_than_PSMC1,MST1_large_than_YWHAZ,MYH9_large_than_TGFBI,PCBP2_large_than_SERPINF1,PKM_large_than_S100A8,TFRC_large_than_YWHAZ
Exp074388,CRCA,1,1,1,0,-1,-1,1,-1,1,-1,-1,-1,-1,1,1,-1,1,1,-1,1,-1,-1,-1,1,1,1,1,-1,-1,1,1,1,-1,1,-1,-1,1,-1,-1,-1,-1
Exp082955,CRCA,1,1,1,-1,-1,1,1,-1,1,-1,1,-1,-1,1,1,1,1,1,1,-1,-1,1,1,1,-1,-1,-1,1,-1,-1,-1,-1,-1,-1,-1,1,-1,1,1,1,-1
Exp082978,CRCA,-1,-1,-1,-1,1,0,1,0,1,-1,0,0,-1,1,1,0,0,-1,0,1,-1,1,0,1,0,-1,-1,-1,0,0,1,0,0,1,1,0,1,-1,-1,0,1
Exp082929,CRCA,-1,1,1,-1,-1,1,1,1,-1,-1,1,1,-1,1,-1,1,1,1,0,1,1,1,1,1,0,-1,-1,-1,1,1,-1,-1,-1,1,0,1,-1,1,1,-1,-1
Exp083924,CRCA,-1,-1,-1,-1,0,0,0,0,-1,-1,-1,-1,-1,1,1,0,0,0,1,1,1,1,1,1,-1,-1,-1,1,-1,-1,-1,0,0,-1,1,1,0,1,1,1,0
Exp082934,CRCA,1,1,1,1,1,1,0,1,1,-1,-1,-1,-1,1,1,1,1,0,1,1,1,1,0,1,-1,-1,-1,-1,-1,-1,-1,-1,1,-1,1,0,-1,1,1,1,-1
Exp083959,CRCA,-1,1,-1,-1,1,1,1,1,-1,-1,1,-1,-1,-1,1,-1,-1,-1,-1,-1,-1,-1,0,1,1,-1,1,-1,1,1,1,1,1,1,-1,0,1,-1,-1,1,1
Exp083941,CRCA,-1,-1,-1,-1,-1,1,1,-1,-1,-1,1,-1,-1,1,1,0,0,-1,-1,1,1,1,-1,1,1,1,1,1,-1,-1,1,1,1,1,0,-1,-1,-1,-1,1,-1
Exp083942,CRCA,-1,-1,0,-1,1,1,-1,-1,1,-1,1,-1,-1,1,1,-1,-1,0,-1,-1,-1,-1,0,1,0,1,1,-1,-1,-1,-1,0,0,0,0,0,0,-1,1,1,0
Exp083943,CRCA,-1,-1,-1,-1,1,1,-1,-1,-1,-1,-1,-1,-1,1,1,0,0,-1,0,1,1,1,1,1,0,-1,1,1,-1,-1,1,1,1,1,0,1,-1,-1,-1,1,-1
Exp083947,CRCA,-1,-1,-1,1,-1,-1,-1,-1,-1,-1,-1,-1,-1,1,1,0,0,0,-1,-1,-1,-1,-1,1,0,1,1,1,-1,-1,1,0,0,0,0,-1,1,-1,1,1,1
Exp083009,CRCA,-1,-1,-1,0,1,1,1,1,1,-1,-1,1,-1,1,1,0,0,0,0,-1,-1,1,-1,1,0,-1,-1,1,1,-1,-1,0,0,1,1,-1,1,1,-1,-1,1
Exp087332,CRCA,1,1,1,1,1,-1,1,-1,1,-1,-1,-1,-1,1,-1,1,1,1,-1,-1,-1,-1,1,1,1,-1,-1,1,-1,-1,-1,-1,-1,-1,1,-1,-1,1,1,1,-1
Exp087334,CRCA,1,1,1,-1,-1,-1,-1,-1,-1,-1,-1,-1,-1,1,-1,1,1,-1,1,1,1,1,0,1,-1,-1,-1,-1,-1,-1,-1,-1,-1,1,-1,0,-1,1,1,1,1
Exp087343,CRCA,-1,1,1,0,1,1,-1,-1,1,-1,-1,-1,-1,1,-1,-1,-1,-1,1,1,1,1,0,1,-1,1,1,-1,1,-1,1,1,1,-1,-1,0,-1,-1,-1,-1,-1
Exp087349,CRCA,1,1,1,-1,-1,-1,-1,-1,-1,-1,-1,1,1,1,1,-1,-1,-1,1,1,1,1,-1,1,-1,1,1,1,1,1,1,-1,1,1,1,-1,1,-1,-1,1,-1
Exp087352,CRCA,1,1,1,-1,-1,-1,-1,-1,1,-1,-1,-1,-1,1,1,1,1,1,1,1,1,1,-1,1,-1,1,1,1,-1,-1,-1,-1,-1,-1,1,-1,1,-1,1,1,-1
Exp087361,CRCA,-1,-1,-1,0,-1,-1,-1,-1,-1,-1,1,1,-1,1,1,-1,-1,0,0,0,0,0,1,1,0,-1,1,-1,-1,1,-1,1,1,1,-1,1,1,-1,-1,1,1
Exp087365,CRCA,-1,-1,-1,0,-1,1,1,-1,-1,-1,1,1,-1,1,1,-1,-1,1,0,0,0,0,1,1,-1,-1,-1,-1,-1,-1,-1,0,0,1,1,1,1,1,-1,-1,1
Exp087416,CRCA,-1,-1,-1,-1,-1,1,1,1,-1,-1,1,1,-1,1,-1,0,0,0,0,1,1,1,0,1,0,1,-1,-1,1,1,-1,0,0,0,1,0,1,1,-1,-1,1
Exp087425,CRCA,-1,-1,-1,-1,-1,1,-1,1,1,-1,1,1,-1,1,1,-1,-1,-1,1,1,1,1,1,1,-1,1,1,-1,1,1,1,1,1,-1,1,1,1,-1,1,-1,1
Exp087436,CRCA,-1,-1,-1,1,1,0,-1,0,1,-1,0,0,-1,-1,1,-1,-1,0,-1,-1,-1,-1,0,1,0,-1,-1,-1,0,0,-1,0,0,0,1,0,-1,1,1,0,-1
Exp087442,CRCA,-1,1,-1,-1,1,-1,-1,-1,1,-1,-1,-1,1,-1,-1,-1,-1,0,1,1,1,1,1,1,1,-1,1,1,1,-1,1,1,1,1,-1,1,1,-1,-1,-1,1
Exp087462,CRCA,-1,1,-1,-1,0,0,0,0,-1,-1,0,0,1,1,-1,-1,-1,0,1,-1,1,1,-1,1,-1,1,-1,1,1,1,-1,0,0,-1,-1,-1,-1,1,-1,-1,-1
Exp079228,CRCA,-1,1,-1,-1,1,1,1,1,-1,-1,-1,-1,-1,-1,1,1,1,1,1,1,1,1,1,1,-1,1,1,1,-1,-1,1,-1,-1,-1,1,1,1,-1,1,1,1
Exp075580,CRCA,-1,-1,-1,-1,-1,-1,-1,0,1,-1,-1,0,-1,-1,1,1,-1,-1,1,1,1,1,-1,1,-1,-1,1,-1,0,0,-1,-1,1,-1,1,-1,-1,-1,-1,0,-1
Exp075581,CRCA,-1,1,-1,-1,1,1,1,-1,1,-1,1,-1,-1,1,1,1,-1,1,1,1,1,1,1,1,-1,1,0,-1,1,-1,0,-1,1,-1,1,-1,-1,0,-1,1,-1
Exp075584,CRCA,1,1,1,1,1,1,-1,-1,-1,-1,1,-1,-1,1,1,1,1,-1,1,1,1,-1,-1,1,-1,-1,1,-1,1,1,-1,-1,-1,-1,-1,-1,1,-1,-1,1,1
Exp075585,CRCA,1,1,1,-1,1,1,1,-1,1,-1,1,-1,-1,1,-1,-1,1,-1,1,1,1,1,0,1,-1,-1,-1,-1,1,-1,1,1,1,-1,-1,0,1,-1,-1,1,1
Exp075588,CRCA,-1,1,-1,1,1,1,1,1,1,-1,1,-1,-1,1,1,1,-1,0,1,1,-1,-1,1,1,-1,1,-1,-1,-1,-1,-1,-1,-1,-1,1,1,-1,1,1,1,-1
Exp075589,CRCA,-1,-1,-1,-1,1,1,1,-1,1,-1,-1,-1,-1,1,1,-1,-1,-1,0,-1,1,1,1,1,0,1,1,1,1,-1,-1,1,1,1,1,1,1,-1,-1,1,1
Exp076193,CRCA,-1,1,-1,1,-1,1,0,-1,1,-1,1,1,-1,-1,1,1,-1,0,-1,-1,-1,-1,1,1,1,-1,1,-1,-1,-1,1,1,1,1,-1,-1,1,-1,1,-1,-1
Exp079142,CRCA,1,1,1,-1,0,0,0,0,1,-1,1,-1,-1,1,1,1,-1,1,1,1,1,-1,1,1,-1,-1,1,1,-1,-1,-1,-1,1,1,1,-1,-1,-1,-1,-1,-1
Exp079146,CRCA,-1,1,1,1,0,0,0,0,1,-1,1,-1,-1,-1,-1,1,-1,1,-1,1,1,-1,-1,1,1,-1,1,-1,-1,-1,-1,-1,1,1,-1,-1,-1,-1,1,-1,1
Exp079147,CRCA,-1,1,1,1,-1,-1,-1,-1,-1,-1,-1,-1,-1,-1,1,-1,1,-1,-1,-1,-1,-1,-1,1,1,1,1,-1,1,-1,1,1,1,-1,-1,-1,1,-1,1,1,1
Exp079148,CRCA,-1,1,1,1,1,1,1,-1,-1,-1,-1,-1,-1,1,1,1,1,1,-1,1,1,-1,-1,1,1,1,1,1,-1,-1,-1,-1,-1,-1,-1,-1,-1,1,-1,1,-1
Exp079162,CRCA,1,1,1,1,1,-1,1,-1,-1,-1,-1,-1,1,1,1,1,1,1,1,1,1,-1,-1,1,-1,1,1,1,-1,-1,-1,-1,-1,-1,1,-1,1,-1,1,1,-1
Exp079183,CRCA,-1,-1,-1,-1,1,-1,1,-1,1,-1,-1,-1,-1,-1,-1,-1,-1,1,-1,1,-1,1,-1,1,-1,-1,1,-1,1,-1,1,1,1,-1,1,-1,1,-1,-1,1,1
Exp079184,CRCA,-1,-1,-1,1,-1,1,-1,1,1,-1,1,1,-1,-1,-1,-1,-1,-1,-1,-1,-1,-1,1,1,1,-1,1,-1,1,1,1,1,1,1,1,-1,1,-1,-1,1,1
Exp079210,CRCA,-1,1,1,1,1,1,1,-1,1,-1,1,-1,-1,-1,1,-1,-1,1,1,-1,-1,-1,1,1,-1,1,1,1,-1,-1,-1,1,1,1,-1,-1,-1,-1,-1,1,-1
Exp079212,CRCA,-1,1,1,-1,0,0,0,0,1,-1,1,-1,-1,-1,-1,-1,-1,-1,1,1,-1,-1,0,1,-1,-1,1,1,-1,-1,1,1,1,1,-1,0,1,-1,-1,1,-1
Exp079214,CRCA,1,1,1,-1,-1,-1,-1,-1,1,-1,1,-1,-1,-1,1,-1,1,1,1,-1,-1,1,1,1,-1,-1,-1,-1,1,-1,-1,-1,1,-1,-1,-1,-1,1,-1,-1,-1
Exp079246,CRCA,-1,1,-1,1,-1,1,1,-1,1,-1,1,-1,1,1,1,1,1,1,1,-1,-1,-1,1,1,-1,-1,-1,-1,-1,-1,-1,-1,-1,-1,-1,1,1,-1,-1,1,-1
Exp079249,CRCA,1,1,1,-1,1,1,1,-1,1,-1,1,-1,-1,-1,1,1,1,1,1,1,1,1,0,1,-1,1,-1,-1,-1,-1,-1,-1,-1,-1,-1,0,1,1,-1,1,-1
Exp079283,CRCA,-1,-1,-1,-1,-1,1,1,-1,-1,-1,1,-1,1,1,1,-1,-1,1,-1,1,1,1,0,1,1,1,-1,-1,-1,-1,-1,1,1,1,1,0,-1,1,1,1,-1
Exp079286,CRCA,-1,1,-1,-1,-1,-1,-1,-1,-1,-1,1,-1,-1,1,1,1,-1,1,1,1,1,1,-1,1,-1,1,1,-1,-1,-1,-1,-1,1,-1,-1,-1,1,-1,-1,1,1
Exp079297,CRCA,1,1,1,-1,-1,1,1,-1,-1,-1,1,-1,1,-1,1,1,1,1,1,-1,1,-1,-1,1,-1,1,1,1,1,-1,-1,-1,-1,-1,-1,-1,1,1,-1,1,1
Exp081460,CRCA,1,1,1,1,1,-1,-1,-1,-1,-1,-1,-1,-1,1,1,1,1,1,1,1,1,1,-1,1,-1,1,-1,1,1,1,-1,-1,-1,-1,-1,-1,1,1,1,1,-1
Exp081465,CRCA,-1,1,-1,1,-1,1,-1,-1,-1,-1,1,-1,1,1,1,1,-1,1,1,1,1,-1,-1,1,-1,1,-1,1,1,1,-1,-1,-1,1,1,-1,1,1,-1,1,1
Exp081468,CRCA,-1,1,-1,1,1,1,1,1,1,-1,-1,1,-1,1,1,-1,-1,-1,1,-1,-1,-1,-1,1,-1,-1,-1,-1,1,1,-1,-1,1,1,1,-1,1,1,-1,1,1
Exp081472,CRCA,-1,1,1,1,1,1,-1,-1,1,-1,1,-1,-1,1,1,1,1,-1,-1,1,-1,-1,-1,1,1,-1,-1,-1,-1,-1,-1,1,1,-1,1,-1,1,1,-1,1,1
Exp081474,CRCA,-1,1,1,1,1,-1,1,-1,1,-1,-1,-1,1,1,1,1,1,1,-1,1,-1,-1,1,1,1,1,-1,1,-1,-1,-1,-1,1,-1,1,-1,-1,1,-1,1,-1
Exp081475,CRCA,-1,1,-1,-1,-1,1,-1,-1,1,-1,1,-1,1,1,-1,-1,-1,-1,1,1,1,1,0,1,-1,-1,1,-1,1,-1,-1,1,1,1,-1,0,-1,-1,-1,-1,-1
Exp081479,CRCA,-1,-1,-1,-1,1,1,1,-1,1,-1,-1,-1,-1,1,1,-1,-1,-1,1,1,1,1,0,1,-1,-1,-1,-1,-1,-1,-1,1,1,-1,1,0,1,-1,-1,1,-1
Exp081486,CRCA,-1,1,1,-1,1,1,1,-1,-1,-1,1,-1,-1,1,1,-1,-1,1,-1,1,-1,-1,-1,1,-1,-1,1,-1,-1,-1,1,1,1,-1,1,-1,1,-1,1,1,-1
Exp081487,CRCA,-1,-1,0,-1,-1,-1,-1,-1,1,-1,1,-1,-1,1,1,1,1,1,1,-1,1,1,1,1,-1,1,-1,1,1,-1,-1,-1,1,-1,1,1,1,1,1,1,1
Exp081599,CRCA,-1,1,-1,-1,1,1,1,-1,-1,-1,1,-1,-1,-1,1,1,1,1,-1,1,-1,1,1,1,1,-1,1,-1,-1,-1,1,1,1,1,1,-1,1,-1,-1,-1,-1
Exp081600,CRCA,-1,-1,-1,1,-1,1,-1,-1,1,-1,1,-1,-1,1,1,-1,-1,0,1,-1,-1,1,0,1,1,-1,1,-1,1,-1,1,0,0,1,1,0,1,-1,-1,-1,-1
Exp081612,CRCA,-1,-1,-1,-1,-1,-1,-1,-1,1,-1,-1,-1,-1,1,1,-1,-1,0,1,1,1,1,0,1,1,-1,1,-1,1,0,1,1,1,1,-1,0,0,-1,1,1,0
Exp081591,CRCA,-1,1,-1,-1,-1,-1,-1,-1,1,-1,-1,-1,-1,1,1,1,1,1,-1,1,1,1,0,1,-1,1,-1,1,-1,-1,-1,-1,-1,-1,-1,0,1,1,-1,1,1
Exp081590,CRCA,1,1,1,1,1,1,1,-1,1,-1,1,-1,-1,1,1,1,1,1,1,1,1,1,0,1,-1,-1,-1,1,-1,1,-1,-1,-1,-1,-1,0,-1,1,1,1,-1
Exp041928,normal,-1,-1,-1,-1,1,1,1,1,-1,-1,1,-1,-1,1,1,1,1,-1,1,-1,-1,-1,1,1,1,-1,-1,-1,1,-1,-1,1,1,1,0,1,1,1,-1,1,1
Exp043388,normal,-1,-1,-1,-1,1,1,1,1,1,-1,1,-1,-1,1,1,0,0,1,0,-1,-1,1,0,1,0,-1,-1,-1,1,-1,-1,0,0,-1,1,0,1,-1,-1,1,1
Exp042197,normal,-1,-1,-1,-1,1,1,1,1,1,-1,1,-1,-1,1,1,-1,-1,-1,-1,1,-1,-1,1,1,1,-1,-1,-1,-1,-1,-1,1,1,1,1,1,1,-1,-1,1,1
Exp042198,normal,-1,-1,-1,1,1,1,1,1,1,1,1,-1,-1,1,1,-1,-1,-1,-1,1,-1,-1,0,-1,1,-1,-1,-1,-1,1,-1,1,1,-1,1,0,1,-1,-1,0,1
Exp042199,normal,-1,-1,-1,0,1,1,1,1,-1,1,1,-1,-1,1,1,-1,-1,-1,-1,-1,-1,-1,1,-1,1,-1,-1,-1,-1,1,-1,1,1,1,1,-1,1,-1,-1,1,1
Exp042200,normal,-1,-1,-1,1,1,1,1,1,1,-1,1,-1,-1,1,1,-1,-1,-1,-1,0,-1,-1,-1,1,1,-1,-1,-1,0,-1,-1,1,1,1,-1,-1,1,-1,-1,1,1
Exp042201,normal,-1,-1,-1,1,1,1,1,1,1,-1,1,-1,-1,1,1,-1,-1,-1,0,-1,-1,-1,-1,1,0,-1,-1,-1,-1,-1,1,1,1,1,1,1,1,-1,-1,0,1
Exp042202,normal,-1,-1,-1,1,1,1,1,1,-1,-1,1,-1,-1,1,1,-1,-1,-1,-1,-1,-1,-1,1,1,1,-1,-1,-1,-1,-1,1,1,1,1,-1,1,1,-1,1,1,-1
Exp041935,normal,-1,-1,-1,-1,1,1,-1,1,1,-1,-1,-1,-1,1,1,-1,-1,-1,-1,1,-1,1,-1,1,1,-1,-1,-1,1,1,1,1,1,-1,1,1,1,-1,-1,-1,1
Exp043353,normal,-1,1,-1,-1,-1,0,-1,-1,1,-1,0,1,-1,1,-1,-1,-1,-1,1,0,-1,1,-1,1,-1,-1,-1,-1,0,-1,1,1,1,1,1,-1,1,-1,1,0,1
Exp043377,normal,-1,1,-1,0,1,1,1,1,1,-1,1,-1,-1,1,-1,-1,-1,-1,0,0,0,0,0,1,1,-1,-1,-1,0,-1,1,1,1,1,1,0,1,-1,1,1,1
Exp042254,normal,-1,1,-1,1,1,1,1,1,1,-1,1,1,-1,1,1,1,1,-1,0,1,-1,-1,0,1,0,-1,-1,-1,-1,1,-1,1,1,1,1,0,1,-1,-1,-1,1
Exp042255,normal,-1,-1,-1,-1,-1,1,1,1,1,-1,1,1,-1,1,1,-1,-1,1,0,0,1,1,-1,1,0,-1,-1,-1,0,-1,-1,1,1,1,1,-1,1,-1,-1,1,1
Exp042256,normal,-1,-1,-1,-1,1,1,1,1,1,-1,1,-1,-1,-1,1,-1,-1,-1,-1,0,-1,-1,1,1,1,-1,1,-1,0,-1,1,1,1,1,0,1,1,-1,1,1,1
Exp042257,normal,-1,1,-1,1,-1,-1,1,1,1,-1,-1,1,-1,1,1,-1,-1,-1,-1,1,-1,-1,0,1,1,-1,-1,-1,1,-1,-1,1,1,1,1,0,-1,1,1,-1,-1
Exp042258,normal,-1,1,1,1,-1,1,1,-1,-1,-1,1,1,-1,1,1,-1,-1,1,0,-1,-1,-1,1,1,0,-1,1,-1,1,-1,1,-1,-1,-1,1,1,1,-1,-1,1,-1
Exp042260,normal,-1,1,1,1,1,1,1,1,-1,-1,1,1,-1,1,1,-1,-1,1,1,-1,-1,-1,0,1,-1,-1,-1,-1,1,1,-1,-1,1,-1,-1,0,1,1,-1,-1,1
Exp042261,normal,-1,1,1,1,-1,-1,-1,-1,1,1,1,1,-1,1,1,-1,-1,1,1,1,1,1,1,1,-1,-1,-1,-1,1,1,-1,1,1,-1,1,1,1,1,-1,1,1
Exp042262,normal,1,1,1,1,-1,-1,1,-1,1,-1,1,1,-1,1,1,1,-1,1,-1,0,-1,-1,0,1,-1,-1,-1,-1,0,1,-1,-1,1,-1,-1,0,1,1,1,1,1
Exp042263,normal,-1,-1,-1,-1,1,1,1,1,1,-1,1,1,-1,1,1,0,0,0,1,-1,-1,-1,1,1,0,-1,-1,-1,1,0,-1,0,0,0,1,1,1,-1,-1,-1,-1
Exp042264,normal,-1,-1,-1,0,1,1,1,1,1,-1,1,1,-1,1,1,0,0,0,0,-1,-1,-1,0,1,0,-1,1,-1,1,-1,1,1,1,-1,-1,0,1,-1,-1,1,1
Exp042265,normal,-1,-1,-1,0,-1,1,1,1,1,-1,1,1,-1,1,1,-1,-1,-1,-1,0,-1,-1,0,1,1,1,1,1,0,1,-1,0,0,-1,1,0,1,-1,-1,-1,1
Exp042266,normal,-1,-1,-1,1,-1,-1,1,-1,1,-1,1,-1,-1,-1,-1,0,0,1,0,-1,-1,-1,0,1,0,-1,-1,-1,1,-1,-1,1,1,1,1,0,1,1,-1,1,1
Exp042267,normal,-1,-1,-1,1,1,1,1,1,1,-1,1,1,-1,1,1,1,1,0,-1,-1,-1,-1,1,1,-1,-1,1,-1,1,1,1,1,1,-1,1,1,1,-1,-1,-1,1
Exp042268,normal,-1,-1,-1,1,1,1,1,0,1,-1,1,0,-1,1,1,1,1,1,1,-1,1,1,0,1,1,-1,1,-1,0,0,1,1,1,1,1,0,1,-1,-1,0,1
Exp042269,normal,-1,1,-1,1,1,1,1,1,-1,-1,1,-1,-1,1,1,1,1,1,1,-1,-1,-1,0,1,-1,1,1,-1,-1,-1,-1,-1,1,-1,1,0,-1,-1,-1,1,-1
Exp042270,normal,-1,-1,-1,1,1,1,1,1,-1,-1,1,1,-1,1,1,1,1,1,-1,-1,-1,-1,0,1,-1,1,1,1,1,1,1,1,1,1,1,0,1,-1,-1,-1,1
Exp042271,normal,-1,-1,-1,-1,-1,-1,1,0,1,-1,-1,0,-1,1,1,-1,-1,-1,0,-1,-1,-1,1,1,0,1,1,1,0,0,1,1,1,-1,1,1,1,-1,-1,0,1
Exp042272,normal,-1,-1,-1,1,-1,-1,-1,1,1,-1,1,1,-1,1,1,-1,-1,-1,0,-1,-1,-1,1,1,0,-1,1,-1,1,-1,1,1,1,1,0,1,1,-1,-1,-1,1
Exp042273,normal,-1,1,-1,1,-1,-1,-1,-1,1,1,-1,-1,-1,1,1,1,1,-1,-1,-1,-1,-1,1,1,-1,-1,-1,-1,1,-1,-1,-1,-1,-1,-1,1,1,-1,-1,1,-1
Exp042274,normal,-1,-1,-1,-1,1,1,-1,1,1,1,-1,1,-1,1,1,1,1,-1,-1,-1,-1,-1,1,1,1,-1,-1,-1,1,1,-1,1,1,1,1,1,1,-1,-1,1,-1
Exp042275,normal,-1,-1,-1,1,1,1,-1,1,1,1,-1,-1,-1,1,1,-1,1,-1,1,-1,-1,-1,1,-1,-1,-1,-1,-1,1,-1,1,1,1,-1,1,1,1,-1,-1,1,1
Exp042276,normal,-1,-1,-1,1,1,1,0,1,1,1,1,1,-1,1,1,-1,-1,0,0,-1,-1,-1,0,-1,0,-1,-1,-1,1,0,-1,1,1,-1,1,0,1,1,-1,0,-1
Exp042277,normal,-1,-1,-1,1,-1,-1,-1,-1,-1,-1,-1,-1,-1,1,1,1,1,-1,-1,-1,-1,-1,1,1,1,-1,1,-1,1,-1,1,-1,1,1,1,1,1,-1,-1,-1,1
Exp042278,normal,-1,1,-1,-1,0,0,0,0,1,-1,1,1,-1,1,1,-1,-1,0,0,-1,1,1,0,1,0,-1,1,-1,1,0,1,1,1,1,1,0,1,-1,-1,1,1
Exp042279,normal,-1,-1,-1,-1,-1,1,-1,-1,1,-1,1,-1,-1,1,1,-1,-1,0,1,-1,-1,-1,1,1,-1,-1,1,-1,-1,-1,1,0,0,1,1,1,1,-1,-1,1,-1
Exp042280,normal,-1,-1,-1,1,1,1,1,1,1,-1,1,1,-1,1,1,-1,-1,-1,0,-1,1,-1,0,1,0,-1,1,-1,1,-1,-1,1,1,-1,1,0,1,-1,-1,0,-1
Exp042203,normal,-1,1,-1,-1,1,1,1,0,1,-1,1,0,-1,1,1,-1,-1,0,0,1,-1,1,-1,1,0,-1,1,-1,0,0,1,1,1,-1,1,-1,1,-1,1,0,-1
Exp042204,normal,1,1,1,1,1,1,-1,-1,1,-1,1,-1,-1,1,1,1,1,-1,-1,1,-1,-1,1,1,-1,-1,1,1,-1,1,-1,-1,1,-1,-1,1,1,-1,-1,-1,1
Exp042205,normal,-1,-1,-1,-1,1,0,1,1,-1,-1,0,-1,-1,1,1,1,1,1,1,1,-1,-1,0,1,-1,-1,1,-1,1,1,1,-1,1,-1,1,0,1,-1,-1,0,-1
Exp042206,normal,-1,-1,-1,1,1,1,1,1,0,1,-1,-1,-1,1,1,-1,-1,0,0,-1,-1,-1,1,-1,0,-1,1,-1,1,-1,1,1,1,1,1,1,1,-1,-1,-1,-1
Exp042207,normal,-1,-1,-1,-1,1,1,1,1,1,1,1,-1,-1,1,1,-1,-1,0,0,1,-1,1,-1,-1,0,-1,-1,-1,-1,-1,-1,1,1,1,0,-1,1,1,-1,-1,1
Exp042208,normal,-1,-1,-1,-1,1,1,1,1,1,-1,1,1,-1,1,1,1,-1,1,0,1,1,-1,-1,-1,0,1,-1,-1,1,1,-1,-1,1,1,-1,-1,1,-1,1,-1,-1
Exp042209,normal,-1,-1,-1,1,1,0,1,1,1,1,0,1,-1,1,1,-1,-1,-1,-1,-1,-1,-1,0,-1,1,-1,1,-1,1,1,1,1,1,1,1,0,1,-1,-1,-1,-1
Exp042210,normal,-1,1,-1,1,1,0,1,1,1,-1,0,-1,-1,1,1,-1,-1,1,0,-1,-1,-1,0,1,0,-1,1,-1,-1,-1,1,-1,1,1,1,0,1,-1,-1,-1,1
Exp042299,normal,-1,-1,-1,-1,-1,-1,1,1,-1,-1,-1,1,-1,1,1,1,1,1,-1,1,1,1,-1,1,-1,-1,-1,-1,1,1,-1,-1,1,-1,0,-1,1,-1,-1,-1,1
Exp042218,normal,-1,1,1,1,-1,-1,1,1,-1,1,-1,1,-1,1,1,-1,-1,-1,-1,-1,-1,-1,-1,-1,-1,-1,-1,-1,1,1,-1,1,1,-1,0,-1,1,1,-1,-1,1
Exp042434,normal,-1,-1,-1,-1,1,0,-1,-1,-1,-1,0,-1,-1,1,1,0,0,-1,0,1,-1,-1,1,1,0,1,-1,1,-1,0,-1,0,0,-1,1,-1,0,1,-1,-1,0
Exp042437,normal,0,0,0,-1,1,1,1,1,1,1,1,1,-1,1,1,-1,-1,-1,-1,-1,-1,-1,0,1,1,-1,-1,-1,1,1,-1,-1,1,1,1,0,1,1,-1,-1,1
Exp042461,normal,-1,1,1,1,1,0,1,1,-1,-1,0,1,-1,1,1,-1,-1,0,1,1,1,-1,0,1,1,-1,-1,-1,1,1,-1,1,1,1,1,0,1,-1,-1,1,1
Exp042469,normal,-1,-1,-1,0,-1,1,1,-1,1,-1,1,-1,-1,1,1,-1,-1,-1,0,0,0,0,0,1,-1,-1,-1,-1,-1,-1,-1,1,1,-1,1,0,-1,1,1,1,-1
Exp042480,normal,-1,-1,-1,1,1,0,1,1,1,1,0,-1,-1,-1,1,-1,-1,0,-1,-1,-1,-1,0,1,-1,-1,1,-1,-1,-1,1,1,1,-1,0,0,1,-1,-1,1,1
Exp042482,normal,-1,-1,-1,-1,0,0,0,0,-1,-1,0,-1,-1,1,1,0,0,0,1,-1,-1,-1,1,1,-1,-1,1,-1,1,-1,-1,1,1,-1,1,1,1,-1,-1,-1,1
Exp042491,normal,-1,-1,-1,1,1,1,1,1,1,1,1,-1,-1,1,1,-1,1,0,-1,-1,-1,-1,1,-1,1,-1,-1,-1,-1,1,-1,1,1,1,1,1,1,-1,-1,-1,-1
Exp042492,normal,-1,1,1,1,-1,-1,-1,-1,1,1,1,1,-1,1,-1,0,0,0,0,-1,-1,-1,1,1,0,-1,-1,-1,-1,1,1,1,1,1,1,1,1,-1,-1,1,1
Exp042494,normal,-1,-1,-1,0,1,1,1,1,1,1,-1,-1,-1,1,1,-1,-1,0,0,0,0,0,0,-1,0,-1,1,-1,0,-1,1,1,1,1,1,0,-1,-1,-1,-1,-1
Exp042501,normal,-1,1,-1,1,-1,1,-1,-1,1,-1,1,-1,-1,1,1,1,1,-1,0,1,-1,-1,1,1,0,-1,-1,-1,-1,-1,1,-1,-1,1,0,1,-1,-1,-1,-1,-1
Exp042527,normal,-1,-1,-1,0,1,1,1,1,0,-1,-1,1,-1,1,1,-1,-1,0,0,0,0,0,0,1,-1,-1,1,-1,1,1,1,1,1,1,1,0,1,-1,1,-1,1
Exp042554,normal,-1,-1,-1,1,0,0,0,0,-1,-1,1,0,-1,1,1,0,0,0,-1,-1,-1,-1,-1,1,1,-1,-1,-1,0,0,1,0,0,1,1,-1,-1,-1,-1,0,-1
Exp042576,normal,-1,-1,-1,-1,1,1,1,1,1,-1,-1,-1,-1,1,1,-1,-1,0,1,-1,-1,-1,1,-1,-1,-1,1,-1,1,1,1,1,1,1,-1,-1,1,-1,-1,-1,1
Exp042577,normal,-1,1,-1,1,1,1,1,1,-1,-1,1,-1,-1,1,1,-1,-1,0,0,-1,-1,-1,-1,1,0,-1,1,-1,1,-1,1,1,1,1,1,-1,-1,-1,-1,1,-1
Exp042580,normal,-1,-1,-1,-1,0,0,0,0,-1,-1,1,-1,-1,1,1,-1,-1,-1,-1,1,-1,-1,1,1,1,-1,1,1,1,-1,1,1,1,1,-1,1,1,-1,1,1,1
Exp042572,normal,-1,-1,-1,-1,-1,-1,-1,-1,1,-1,1,-1,-1,1,1,1,1,-1,0,1,-1,-1,1,1,0,-1,-1,-1,1,1,1,1,1,-1,-1,1,1,-1,-1,1,1
Exp042585,normal,-1,1,-1,1,-1,-1,1,-1,1,-1,1,1,-1,1,1,-1,-1,0,-1,-1,-1,-1,1,1,-1,-1,-1,-1,1,-1,-1,-1,1,-1,1,1,1,1,-1,1,1
Exp042586,normal,-1,1,1,0,1,1,1,1,1,-1,1,1,-1,1,1,1,-1,0,0,0,0,0,1,1,-1,-1,-1,-1,1,1,1,-1,-1,1,1,1,1,-1,-1,-1,1
Exp042596,normal,-1,-1,-1,0,1,1,1,1,1,-1,1,-1,-1,1,1,0,0,0,0,0,0,0,0,1,-1,-1,-1,-1,-1,-1,-1,0,0,-1,1,0,1,1,-1,1,1
Exp042601,normal,-1,-1,-1,-1,0,0,0,0,-1,-1,-1,-1,-1,1,1,-1,-1,0,0,-1,-1,-1,0,1,0,-1,-1,1,-1,-1,-1,1,1,1,1,0,-1,1,-1,1,-1
Exp042609,normal,-1,1,1,-1,1,1,1,0,1,-1,1,0,-1,1,1,-1,-1,1,-1,1,-1,-1,1,1,1,-1,-1,-1,0,0,-1,-1,1,1,0,1,-1,-1,1,0,-1
Exp042617,normal,-1,-1,-1,0,1,1,1,-1,1,-1,1,-1,-1,1,1,-1,-1,0,0,0,0,0,0,1,1,-1,-1,-1,-1,-1,-1,1,1,1,0,0,1,-1,-1,1,1
Exp042626,normal,1,1,1,1,1,1,1,1,1,1,1,1,-1,1,1,1,-1,0,1,-1,-1,-1,1,-1,-1,-1,1,-1,1,1,1,-1,-1,1,0,1,1,-1,-1,-1,1
Exp042629,normal,1,1,1,-1,1,1,1,1,1,-1,1,1,-1,1,1,-1,1,-1,-1,-1,-1,-1,1,1,1,1,1,1,1,1,1,-1,-1,1,1,1,1,-1,-1,-1,-1
Exp042637,normal,-1,1,-1,-1,-1,1,-1,1,1,1,1,1,-1,1,1,1,1,1,0,1,1,1,1,-1,0,-1,-1,1,1,1,-1,-1,-1,1,0,1,1,1,1,-1,-1
Exp042639,normal,1,1,1,-1,1,1,1,1,1,-1,1,1,-1,1,1,1,1,-1,-1,-1,-1,-1,1,-1,1,1,1,-1,1,1,1,-1,-1,1,0,1,-1,-1,1,-1,-1
Exp042658,normal,-1,-1,-1,-1,1,1,1,1,1,-1,1,1,-1,1,1,-1,-1,0,0,1,-1,-1,1,1,0,-1,1,-1,1,-1,-1,1,1,1,0,1,1,-1,1,1,1
Exp042662,normal,-1,1,0,1,1,1,1,1,1,-1,-1,1,-1,1,1,-1,-1,-1,-1,-1,-1,-1,0,1,1,1,1,-1,1,1,1,-1,1,1,1,0,1,-1,-1,1,-1
Exp042665,normal,-1,1,-1,-1,1,1,1,1,1,-1,1,1,-1,1,1,-1,-1,0,-1,-1,-1,-1,1,1,1,1,1,-1,1,1,-1,1,1,1,-1,1,1,-1,1,-1,1
Exp042672,normal,1,1,0,1,1,1,1,1,1,-1,-1,-1,-1,1,1,-1,-1,-1,1,-1,-1,-1,0,1,-1,-1,-1,-1,1,-1,-1,-1,-1,1,-1,0,-1,-1,-1,-1,-1
Exp042684,normal,-1,-1,-1,1,1,1,1,1,1,-1,1,-1,-1,1,1,-1,-1,0,-1,-1,-1,-1,1,1,-1,1,1,1,1,-1,1,1,1,-1,-1,1,1,-1,1,-1,1
Exp044053,normal,-1,-1,-1,1,1,1,1,1,1,-1,1,1,-1,1,1,-1,-1,0,1,-1,-1,-1,1,1,1,-1,-1,-1,1,-1,-1,1,1,1,0,-1,1,-1,-1,1,-1
Exp044020,normal,0,0,0,-1,-1,-1,-1,-1,1,-1,1,-1,-1,1,1,-1,-1,0,0,1,1,-1,1,1,0,-1,-1,-1,1,0,-1,1,1,1,0,1,1,-1,-1,1,1
Exp044021,normal,-1,1,1,1,-1,-1,-1,-1,1,-1,1,-1,-1,1,1,1,-1,0,1,1,-1,-1,1,1,-1,-1,-1,-1,1,-1,1,1,1,1,1,-1,1,-1,-1,1,1
Exp044024,normal,-1,-1,-1,0,1,1,-1,-1,-1,1,1,-1,-1,1,1,0,0,0,0,0,0,0,1,1,-1,-1,-1,-1,-1,-1,1,1,1,-1,-1,1,1,-1,-1,1,1
Exp044026,normal,-1,-1,-1,1,1,1,1,1,1,-1,1,1,-1,1,1,-1,-1,0,0,-1,-1,-1,-1,1,0,-1,1,-1,1,1,1,1,1,1,-1,1,1,-1,-1,1,1
Exp044033,normal,0,0,0,1,1,1,1,1,-1,-1,-1,-1,-1,1,1,1,-1,0,-1,1,-1,-1,1,1,1,-1,-1,-1,-1,-1,-1,-1,1,-1,0,1,1,-1,-1,-1,-1
Exp044034,normal,-1,-1,-1,1,1,1,-1,1,1,-1,1,1,-1,1,1,-1,-1,0,1,-1,-1,-1,1,1,-1,-1,-1,-1,1,0,-1,1,1,-1,-1,1,1,1,-1,-1,1
Exp044035,normal,0,0,0,1,1,1,0,1,-1,-1,1,1,-1,1,1,-1,-1,0,1,-1,1,1,1,1,-1,-1,1,-1,1,1,1,1,1,-1,1,-1,1,-1,-1,-1,1
Exp044036,normal,-1,-1,-1,1,1,1,1,1,1,-1,1,1,-1,1,1,1,1,0,-1,-1,-1,-1,1,1,1,-1,1,-1,1,-1,1,1,1,1,1,-1,1,-1,-1,-1,1
Exp044086,normal,-1,1,-1,0,1,1,1,0,1,1,1,0,-1,1,1,-1,-1,0,0,0,0,0,1,-1,-1,-1,1,-1,0,0,1,1,1,1,-1,1,1,-1,1,0,1
Exp044104,normal,-1,-1,-1,0,0,0,0,0,1,1,-1,-1,-1,1,1,0,0,0,0,1,1,-1,-1,1,0,-1,1,-1,-1,1,1,1,1,1,0,1,1,-1,-1,1,-1
Exp044045,normal,0,0,0,-1,1,1,1,-1,1,-1,-1,-1,-1,-1,1,0,0,0,1,1,1,1,1,1,-1,-1,1,-1,-1,0,1,1,1,-1,1,1,1,-1,-1,1,1
Exp044060,normal,-1,-1,-1,1,0,0,0,0,1,-1,1,1,-1,1,1,-1,-1,-1,-1,-1,-1,-1,0,1,-1,-1,-1,-1,1,0,-1,1,1,-1,1,0,1,1,-1,1,1
Exp044099,normal,-1,-1,-1,-1,1,1,1,0,1,1,-1,0,-1,1,1,-1,-1,0,0,1,-1,-1,-1,1,0,-1,-1,-1,0,0,-1,-1,1,-1,0,1,1,1,-1,0,-1
Exp044088,normal,-1,-1,-1,-1,1,1,1,0,1,-1,1,0,-1,1,1,0,0,1,1,1,1,1,0,1,1,-1,-1,-1,0,0,-1,1,1,1,1,0,-1,1,-1,0,-1
Exp041926,normal,-1,-1,-1,1,-1,1,-1,0,1,-1,1,0,-1,1,-1,0,0,0,-1,-1,-1,-1,0,1,1,-1,-1,-1,0,0,1,1,1,-1,1,0,-1,-1,-1,0,-1
Exp044110,normal,-1,-1,-1,1,-1,-1,-1,-1,1,-1,-1,-1,-1,1,1,0,0,-1,-1,-1,-1,-1,1,1,1,-1,-1,-1,1,0,1,1,1,-1,1,-1,1,-1,-1,1,-1
Exp044137,normal,-1,-1,-1,1,1,1,1,1,1,-1,1,-1,-1,1,1,0,0,0,1,-1,-1,-1,0,1,0,-1,1,-1,1,0,1,0,0,0,1,0,0,-1,-1,-1,0
Exp044308,normal,-1,-1,-1,0,1,1,-1,1,1,-1,-1,1,-1,1,1,0,0,0,0,0,0,0,1,1,0,-1,-1,-1,1,1,1,0,0,0,-1,1,1,-1,-1,1,1
Exp044170,normal,-1,-1,-1,1,1,1,-1,-1,1,-1,1,-1,-1,1,1,1,1,1,-1,1,-1,-1,1,1,1,-1,-1,-1,-1,-1,-1,-1,-1,1,0,1,1,-1,-1,1,1
Exp044186,normal,-1,1,-1,-1,1,1,1,1,-1,-1,1,-1,-1,-1,1,-1,-1,0,1,-1,-1,-1,1,1,-1,-1,1,-1,1,1,1,1,1,1,1,1,1,-1,-1,1,1
Exp044181,normal,-1,-1,-1,1,1,1,1,1,-1,1,-1,-1,-1,1,-1,1,-1,-1,-1,-1,-1,-1,1,1,1,-1,1,-1,-1,-1,-1,1,1,1,1,1,1,-1,-1,1,1
Exp044208,normal,-1,-1,-1,1,0,0,0,0,-1,-1,1,-1,-1,1,1,-1,-1,-1,-1,-1,-1,-1,1,1,-1,-1,1,-1,1,-1,1,1,1,1,-1,1,-1,-1,-1,1,-1
Exp044211,normal,-1,-1,-1,-1,-1,1,-1,0,-1,1,1,0,-1,1,1,-1,-1,-1,0,-1,-1,-1,1,1,0,-1,-1,-1,0,0,-1,1,1,-1,0,-1,1,-1,-1,0,1
Exp044227,normal,-1,-1,-1,1,1,0,1,0,-1,-1,0,0,-1,1,1,-1,-1,-1,1,-1,-1,-1,1,1,-1,-1,-1,-1,0,0,-1,-1,1,1,0,-1,-1,1,-1,0,-1
Exp044228,normal,-1,1,-1,1,1,1,1,-1,1,1,1,-1,-1,1,1,-1,-1,1,-1,-1,-1,-1,1,-1,1,-1,1,-1,-1,-1,1,-1,1,1,0,1,1,-1,-1,1,1
Exp044238,normal,-1,1,1,-1,1,1,1,1,-1,-1,-1,1,-1,1,-1,1,-1,-1,-1,1,1,-1,1,1,1,-1,-1,-1,1,1,-1,1,1,1,0,1,1,-1,-1,-1,1
Exp044282,normal,-1,1,1,-1,-1,1,1,0,1,1,1,0,-1,-1,1,-1,-1,0,0,-1,-1,-1,1,-1,0,-1,1,-1,0,0,1,1,1,1,1,1,-1,-1,-1,0,-1
Exp044283,normal,-1,-1,-1,1,1,0,1,-1,1,-1,0,-1,-1,1,1,-1,-1,-1,-1,-1,-1,-1,1,1,1,-1,-1,-1,-1,-1,-1,1,1,-1,0,1,1,-1,-1,-1,-1
Exp044255,normal,-1,-1,-1,1,1,1,1,1,-1,-1,1,-1,-1,1,1,-1,-1,0,-1,-1,-1,-1,1,1,-1,-1,1,-1,-1,-1,1,1,1,1,1,1,1,-1,-1,1,-1
Exp044270,normal,1,1,1,1,1,1,0,1,1,1,1,1,-1,1,1,-1,-1,0,0,-1,-1,-1,0,-1,0,-1,1,-1,1,1,1,-1,1,1,-1,0,1,-1,-1,1,1
Exp044271,normal,-1,1,1,1,-1,0,1,1,1,-1,0,1,-1,1,1,-1,-1,-1,-1,-1,-1,-1,1,1,1,-1,-1,-1,1,-1,1,1,1,1,-1,1,1,-1,-1,-1,1
Exp044307,normal,-1,-1,-1,-1,-1,-1,-1,1,1,-1,-1,1,-1,1,1,-1,-1,0,1,1,1,-1,1,1,-1,-1,-1,-1,1,0,-1,1,1,1,0,1,1,1,-1,-1,1
Exp044323,normal,-1,-1,-1,-1,0,0,0,0,-1,1,-1,1,-1,1,1,0,0,0,1,-1,1,1,1,-1,1,-1,-1,-1,1,-1,-1,1,1,1,0,1,1,1,-1,-1,1
Exp044332,normal,-1,1,-1,1,1,1,1,1,-1,1,1,1,-1,1,1,-1,-1,0,1,-1,-1,-1,1,-1,-1,-1,-1,-1,1,-1,-1,1,1,-1,0,1,-1,1,1,1,-1
Exp043243,normal,0,0,0,-1,1,1,1,1,-1,-1,1,1,-1,1,1,0,0,1,-1,-1,-1,-1,0,1,1,-1,-1,-1,-1,1,-1,0,0,1,-1,0,1,-1,-1,-1,1
Exp043298,normal,-1,-1,-1,0,1,0,1,1,1,-1,0,1,-1,1,1,1,1,-1,0,0,0,0,1,1,0,-1,-1,-1,1,1,-1,1,1,-1,0,1,1,-1,-1,0,1
Exp043329,normal,-1,-1,-1,-1,1,1,1,-1,1,-1,1,-1,-1,-1,1,-1,-1,0,0,1,-1,-1,1,1,0,-1,-1,-1,-1,-1,1,1,1,1,1,1,1,-1,-1,1,1
Exp042368,normal,-1,-1,-1,1,1,1,1,0,0,-1,1,0,-1,1,1,0,0,0,0,-1,-1,-1,0,1,0,1,1,-1,0,0,1,0,0,0,0,0,1,-1,-1,0,1
Exp042370,normal,-1,-1,-1,1,-1,1,-1,-1,-1,-1,1,-1,-1,1,1,0,0,0,0,-1,1,1,1,1,0,-1,1,-1,1,-1,1,0,0,-1,1,1,1,-1,-1,1,1
Exp042392,normal,-1,-1,-1,0,-1,1,1,1,1,-1,1,1,-1,1,1,0,0,0,0,0,0,0,1,1,1,1,1,-1,1,0,1,0,0,1,0,1,-1,-1,1,-1,-1
Exp042360,normal,-1,-1,-1,1,1,0,1,0,1,-1,0,0,-1,-1,1,1,1,0,-1,-1,-1,-1,0,1,1,1,1,-1,0,0,-1,1,1,1,1,0,1,-1,-1,0,1
Exp042219,normal,-1,1,-1,1,1,0,1,1,1,1,0,1,-1,1,1,-1,-1,0,-1,0,-1,-1,1,-1,1,-1,-1,-1,0,-1,-1,1,1,1,1,1,1,-1,-1,-1,1
Exp042220,normal,-1,1,-1,1,1,1,1,1,1,-1,1,1,-1,1,1,-1,-1,0,-1,0,-1,-1,1,1,1,-1,-1,-1,0,1,-1,1,1,1,1,-1,1,1,-1,-1,1
Exp042221,normal,-1,-1,-1,-1,1,-1,-1,-1,1,-1,-1,-1,-1,1,1,-1,-1,0,1,0,-1,-1,1,1,1,-1,1,-1,0,-1,1,1,1,1,1,1,1,-1,-1,1,1
Exp042222,normal,-1,1,-1,1,1,1,1,1,-1,-1,-1,1,-1,1,1,-1,-1,0,-1,0,-1,-1,0,1,-1,-1,1,-1,0,1,1,-1,1,1,-1,0,1,-1,-1,-1,1
Exp042223,normal,-1,-1,-1,0,1,1,1,0,1,-1,-1,0,-1,1,1,-1,-1,0,0,0,0,0,-1,1,1,-1,-1,-1,0,0,-1,1,1,1,1,-1,1,-1,-1,0,1
Exp042224,normal,-1,1,-1,1,1,1,1,1,1,-1,1,1,-1,1,1,-1,-1,0,-1,0,-1,-1,1,1,1,-1,-1,-1,0,-1,-1,1,1,1,-1,1,1,1,-1,-1,1
Exp042225,normal,-1,1,1,1,1,1,1,1,-1,-1,-1,-1,-1,1,1,1,1,0,-1,-1,-1,-1,1,1,-1,-1,1,-1,-1,-1,1,1,1,-1,1,1,1,-1,-1,1,1
Exp042226,normal,-1,1,1,-1,1,1,1,-1,1,-1,1,-1,-1,1,1,-1,-1,0,-1,0,-1,-1,-1,1,1,-1,-1,-1,0,-1,-1,1,1,1,-1,-1,1,1,-1,1,1
Exp042227,normal,-1,1,1,0,1,1,1,1,1,-1,1,1,-1,1,1,-1,-1,0,0,0,0,0,1,1,-1,-1,-1,-1,0,1,-1,-1,-1,-1,1,-1,1,1,-1,-1,1
Exp042228,normal,-1,-1,-1,-1,1,1,1,-1,1,-1,1,-1,-1,1,1,-1,-1,0,1,1,1,1,1,1,-1,-1,1,-1,-1,0,1,0,0,-1,1,1,1,-1,-1,-1,1
Exp042229,normal,-1,-1,-1,-1,1,-1,1,-1,0,1,-1,-1,-1,1,1,0,0,0,1,0,1,1,1,-1,0,-1,1,-1,0,-1,1,0,0,0,1,1,1,-1,-1,1,1
Exp042230,normal,-1,-1,-1,0,1,0,1,1,1,-1,0,1,-1,1,1,0,0,0,0,0,0,0,1,1,0,1,-1,1,0,-1,-1,1,1,0,1,1,1,1,1,-1,1
Exp042231,normal,-1,-1,-1,0,-1,1,1,1,1,-1,1,1,-1,1,1,1,1,0,-1,1,1,1,1,1,1,1,-1,1,-1,0,-1,1,1,1,1,1,1,1,1,1,1
Exp042232,normal,-1,-1,-1,1,-1,1,-1,0,1,-1,1,0,-1,1,1,-1,-1,-1,0,-1,-1,-1,1,1,0,-1,-1,-1,0,0,-1,0,0,-1,1,1,1,1,-1,0,1
Exp042233,normal,-1,-1,-1,1,1,0,1,1,1,-1,0,-1,-1,1,1,0,0,0,-1,-1,-1,-1,-1,1,-1,-1,-1,-1,1,-1,-1,0,0,-1,1,-1,1,1,-1,-1,1
Exp042234,normal,-1,-1,-1,-1,-1,0,1,1,1,-1,0,1,-1,1,1,0,0,0,0,1,-1,1,1,1,0,1,-1,-1,1,-1,-1,1,1,0,1,1,1,1,1,-1,1
Exp042235,normal,-1,-1,-1,0,1,1,1,1,1,-1,1,1,-1,1,1,-1,-1,0,0,0,0,0,1,1,0,-1,-1,-1,-1,-1,-1,0,0,0,1,1,-1,1,-1,1,-1
Exp042245,normal,-1,-1,-1,1,1,1,1,1,1,-1,1,1,-1,1,1,-1,-1,0,-1,-1,-1,-1,1,1,-1,-1,1,-1,1,-1,1,0,0,1,-1,1,-1,-1,1,-1,-1
Exp042246,normal,-1,-1,-1,0,1,1,1,1,1,-1,1,1,-1,1,1,-1,-1,0,1,1,1,1,-1,1,0,-1,-1,-1,1,0,-1,0,0,0,1,-1,1,-1,-1,-1,1
Exp042247,normal,-1,1,1,0,-1,1,1,1,1,-1,1,1,-1,1,1,1,1,0,0,0,0,0,1,1,1,-1,-1,-1,1,1,-1,1,1,1,1,1,-1,-1,-1,-1,-1
Exp042248,normal,-1,-1,-1,1,1,1,1,0,1,1,1,0,-1,1,1,1,1,0,-1,-1,-1,-1,-1,1,1,-1,-1,-1,0,0,-1,-1,1,1,1,-1,-1,1,-1,0,-1
Exp042249,normal,-1,-1,-1,1,1,1,1,1,1,-1,1,1,-1,1,1,1,-1,0,0,-1,-1,-1,1,1,0,-1,-1,-1,1,-1,-1,1,1,1,-1,1,-1,1,1,-1,-1
Exp042250,normal,-1,1,-1,-1,1,0,1,1,1,-1,0,1,1,1,1,1,-1,1,-1,0,1,-1,-1,1,1,1,1,1,0,1,1,1,1,1,0,-1,1,-1,-1,-1,-1
Exp042251,normal,-1,-1,-1,-1,1,1,1,1,1,-1,1,1,-1,1,1,-1,-1,0,-1,0,-1,-1,1,1,-1,-1,-1,-1,0,1,-1,1,1,-1,1,1,-1,1,-1,-1,-1
Exp042252,normal,-1,-1,-1,0,-1,1,1,-1,1,-1,1,-1,-1,1,1,1,-1,1,0,0,0,0,1,1,-1,-1,-1,-1,-1,-1,-1,-1,1,1,1,1,1,-1,-1,1,1
Exp042253,normal,-1,1,1,-1,1,1,1,1,1,-1,1,-1,-1,1,-1,-1,-1,0,-1,1,-1,-1,0,1,1,-1,-1,-1,-1,-1,-1,1,1,1,1,0,1,-1,-1,1,1
Exp042236,normal,-1,-1,-1,0,-1,1,1,-1,1,-1,1,1,-1,-1,1,-1,-1,-1,0,1,1,1,1,1,0,-1,-1,-1,-1,-1,-1,0,0,0,-1,1,1,-1,-1,1,1
Exp042237,normal,-1,-1,-1,-1,1,1,1,1,1,-1,1,-1,-1,-1,1,-1,-1,-1,-1,-1,-1,-1,1,1,1,-1,-1,-1,1,-1,-1,1,1,1,1,1,1,-1,-1,0,1
Exp042238,normal,-1,-1,-1,-1,1,0,1,0,0,-1,0,0,-1,1,1,-1,-1,0,-1,0,-1,-1,1,1,1,-1,1,-1,0,0,1,1,1,1,0,1,1,-1,-1,0,1
Exp042239,normal,-1,-1,-1,1,1,1,1,1,1,-1,1,1,-1,1,-1,-1,-1,0,1,0,-1,-1,0,1,0,-1,1,-1,0,0,1,0,0,0,1,0,1,-1,-1,-1,1
Exp042240,normal,-1,-1,-1,-1,1,1,1,0,1,-1,1,0,-1,1,1,0,0,0,1,1,1,1,1,1,-1,-1,-1,-1,0,0,-1,0,0,1,1,1,-1,-1,-1,0,-1
Exp042241,normal,-1,-1,-1,-1,1,0,1,-1,1,-1,0,-1,-1,1,1,-1,-1,0,-1,-1,-1,-1,-1,1,0,-1,1,-1,-1,-1,-1,1,1,0,1,-1,1,-1,-1,1,-1
Exp042242,normal,-1,-1,-1,0,1,1,1,-1,1,-1,1,-1,-1,1,1,-1,-1,0,-1,1,1,1,1,1,1,-1,-1,-1,-1,-1,-1,1,1,1,1,1,1,1,1,1,1
Exp042243,normal,-1,-1,-1,1,-1,0,1,1,1,-1,0,1,-1,-1,-1,-1,-1,1,0,0,-1,-1,-1,1,0,-1,-1,-1,0,-1,-1,1,1,1,1,-1,1,-1,1,1,1
Exp042244,normal,-1,1,-1,0,1,0,1,0,1,-1,0,0,-1,1,1,-1,-1,-1,-1,0,-1,-1,1,1,1,-1,-1,-1,0,0,-1,1,1,1,1,1,1,-1,1,0,1
Exp042196,normal,1,1,1,-1,1,1,1,1,1,-1,1,-1,-1,1,1,1,1,1,1,1,1,1,1,1,-1,-1,-1,-1,1,1,1,-1,1,-1,1,1,1,-1,-1,1,1
Exp042192,normal,-1,1,-1,-1,-1,1,1,-1,1,-1,1,-1,-1,1,1,-1,-1,-1,-1,-1,-1,-1,-1,1,1,-1,1,-1,-1,-1,1,1,1,1,0,-1,1,-1,1,1,-1
Exp042193,normal,-1,-1,-1,1,1,1,1,-1,1,-1,-1,-1,-1,1,1,1,-1,1,1,-1,-1,-1,1,1,-1,-1,-1,-1,1,1,1,-1,-1,1,1,1,1,-1,-1,1,-1
Exp042194,normal,-1,1,-1,-1,1,1,1,1,-1,-1,1,1,-1,1,1,-1,-1,1,-1,-1,-1,-1,-1,1,-1,-1,-1,-1,1,1,1,1,1,-1,0,-1,-1,-1,1,-1,-1
Exp042195,normal,-1,1,-1,-1,1,1,1,1,1,1,1,-1,-1,1,1,1,1,-1,-1,-1,-1,-1,1,1,-1,-1,-1,-1,-1,-1,1,1,1,1,1,1,-1,-1,-1,1,-1
Exp042174,normal,-1,-1,-1,-1,1,1,1,1,-1,-1,1,1,-1,1,1,-1,-1,0,1,-1,-1,-1,1,1,-1,-1,1,-1,1,1,1,0,0,1,-1,1,1,-1,-1,-1,1
Exp042175,normal,-1,-1,-1,1,0,0,0,0,0,-1,1,-1,-1,1,1,0,0,0,0,-1,-1,-1,0,1,0,-1,1,-1,-1,-1,1,0,0,1,1,0,0,-1,-1,1,0
Exp042176,normal,-1,-1,-1,0,1,1,1,1,1,1,1,-1,-1,1,1,0,0,0,0,0,0,0,-1,-1,0,-1,-1,-1,-1,0,1,0,0,0,1,-1,-1,-1,-1,1,-1
Exp042177,normal,1,1,-1,1,1,0,-1,-1,1,1,0,-1,-1,1,1,-1,-1,0,0,-1,-1,-1,-1,1,0,1,1,-1,1,1,1,0,0,-1,-1,-1,1,-1,-1,1,1
Exp042178,normal,-1,-1,-1,0,1,1,1,-1,1,-1,1,-1,-1,1,1,0,0,-1,0,0,0,0,1,1,0,-1,-1,-1,1,-1,1,1,1,-1,-1,1,1,-1,-1,1,1
Exp042179,normal,-1,1,-1,-1,-1,-1,1,-1,1,-1,1,1,-1,1,1,0,0,0,-1,1,1,1,0,1,-1,1,1,1,1,0,1,1,1,-1,1,0,1,-1,-1,-1,1
Exp042180,normal,-1,1,-1,1,1,1,1,1,1,-1,-1,-1,-1,1,-1,1,1,1,1,-1,-1,-1,0,1,-1,-1,-1,-1,-1,-1,1,0,0,-1,1,0,1,-1,-1,1,1
Exp042181,normal,-1,-1,-1,0,1,1,1,1,-1,-1,1,1,-1,1,1,0,0,0,0,-1,-1,-1,0,1,0,-1,-1,-1,1,1,1,0,0,-1,-1,0,-1,-1,-1,-1,-1
Exp042182,normal,-1,-1,-1,1,1,1,1,0,1,-1,1,0,-1,1,1,-1,-1,0,1,1,-1,1,0,1,-1,0,0,0,0,0,1,-1,-1,1,-1,0,1,-1,-1,0,-1
Exp042183,normal,-1,-1,-1,1,1,0,1,1,1,-1,0,-1,-1,1,1,-1,-1,-1,-1,-1,-1,-1,1,1,-1,-1,-1,-1,-1,-1,-1,1,1,-1,-1,1,1,1,-1,1,-1
Exp042184,normal,-1,-1,-1,-1,1,0,-1,-1,1,-1,0,-1,-1,1,1,-1,-1,0,0,-1,-1,-1,0,1,0,0,0,0,-1,-1,1,1,-1,1,-1,0,-1,-1,1,0,1
Exp042185,normal,-1,1,1,1,-1,1,1,-1,1,-1,1,-1,-1,1,1,-1,-1,-1,-1,-1,-1,-1,0,1,1,-1,-1,-1,-1,-1,-1,1,1,-1,-1,0,-1,-1,-1,1,-1
Exp042186,normal,-1,1,-1,1,1,1,1,-1,1,-1,1,-1,-1,1,1,-1,-1,0,-1,-1,-1,-1,-1,1,-1,-1,-1,-1,-1,-1,-1,1,-1,-1,1,-1,1,-1,-1,1,1
Exp042187,normal,-1,-1,-1,1,1,1,1,1,1,-1,1,1,-1,1,1,1,-1,-1,-1,-1,-1,-1,0,-1,-1,-1,-1,-1,1,1,1,-1,1,1,1,0,1,-1,-1,1,1
Exp042188,normal,0,0,0,0,1,1,0,1,0,-1,-1,-1,-1,1,1,-1,1,0,0,0,0,0,0,1,-1,0,0,0,1,1,-1,0,0,-1,1,0,1,-1,-1,0,1
Exp042189,normal,-1,1,-1,1,-1,-1,-1,1,1,-1,-1,1,-1,1,1,1,1,0,-1,-1,-1,-1,0,-1,-1,1,1,-1,1,1,1,-1,-1,-1,0,0,1,-1,1,-1,-1
Exp042191,normal,-1,1,-1,-1,1,1,1,1,1,-1,-1,1,-1,1,1,-1,-1,0,-1,-1,-1,-1,0,1,-1,-1,1,-1,1,1,1,1,-1,1,-1,0,1,-1,-1,-1,1
Exp042173,normal,-1,-1,-1,0,-1,1,1,-1,1,1,1,-1,-1,1,1,0,0,0,0,0,0,0,0,-1,1,0,0,0,-1,-1,1,1,1,1,0,0,1,-1,-1,1,1
Exp042259,normal,-1,1,1,-1,1,1,1,-1,-1,1,1,-1,-1,1,1,1,-1,0,1,1,1,-1,1,1,-1,-1,-1,-1,-1,-1,1,-1,-1,-1,-1,1,1,-1,-1,1,1
Exp042190,normal,-1,1,-1,-1,1,1,1,-1,1,-1,1,-1,-1,-1,1,1,-1,-1,1,-1,1,-1,-1,1,-1,-1,-1,-1,1,1,-1,-1,-1,-1,-1,-1,1,1,1,1,1
Exp070568,normal,0,0,0,-1,1,1,1,0,1,-1,-1,0,-1,1,1,0,0,0,0,-1,-1,-1,0,1,0,1,1,-1,0,0,1,0,0,1,1,0,1,-1,-1,0,1
Exp070502,normal,-1,1,1,0,1,1,1,1,1,1,1,-1,-1,1,1,-1,-1,-1,0,-1,1,-1,0,-1,0,-1,-1,-1,1,1,-1,1,1,1,1,0,1,1,-1,0,1
Exp070513,normal,-1,-1,-1,1,-1,-1,-1,1,1,1,1,1,-1,1,1,1,1,-1,-1,-1,-1,-1,-1,-1,1,-1,-1,-1,1,1,-1,1,1,1,1,-1,-1,1,-1,-1,-1
Exp070531,normal,-1,-1,-1,1,1,0,1,1,1,-1,0,-1,-1,1,1,-1,1,-1,-1,-1,-1,-1,-1,1,1,-1,1,-1,-1,-1,1,1,1,1,1,-1,1,-1,-1,1,1
Exp070521,normal,-1,1,-1,-1,1,1,0,1,-1,-1,1,1,-1,1,1,-1,-1,0,1,1,-1,-1,1,1,-1,-1,-1,-1,1,-1,-1,1,1,1,1,1,1,-1,-1,1,1
Exp070589,normal,-1,-1,-1,1,0,0,0,0,1,-1,0,0,-1,1,1,-1,-1,0,0,-1,-1,-1,1,1,0,0,0,0,1,-1,1,1,1,1,1,1,1,-1,1,0,1
Exp070528,normal,-1,-1,-1,-1,0,0,0,0,-1,1,1,1,-1,1,1,-1,-1,0,0,-1,-1,-1,1,1,0,-1,-1,-1,1,-1,1,1,1,1,1,1,1,-1,-1,-1,1
Exp070571,normal,-1,-1,-1,1,1,1,0,-1,1,-1,1,-1,-1,1,1,0,0,0,0,1,-1,-1,1,1,0,-1,-1,-1,-1,-1,-1,1,1,-1,1,1,1,1,-1,-1,-1
Exp070517,normal,-1,-1,-1,0,1,1,0,0,-1,-1,-1,0,-1,1,1,0,0,0,0,-1,-1,-1,1,1,0,-1,1,1,0,0,1,0,0,1,1,1,1,-1,-1,0,1