,LC,LC,ML,ML,CRCA,CRCA,ESCA,ESCA,RCC,RCC,BLCA,BLCA
,plasma,tissue,plasma,tissue,plasma,tissue,plasma,tissue,plasma,tissue,plasma,tissue
0,A1BG,A2M,ACY1,ABLIM1,ACE,ABCC3,ACE,A2ML1,A1BG,AASS,ACY1,ABAT
1,ACAN,ABCA3,ADAMTSL4,ADD1,ADAMTSL4,ABI3BP,ADA2,ABLIM1,ACAN,ABAT,ADAMTSL4,ABHD14B
2,ACE,ABI3BP,ADGRB3,ADH1A,AGA,ACADM,AFM,ACAA1,ACE,ABCB1,AGA,ACSL5
3,ACY1,ABLIM1,AFM,ADH1B,ALDOB,ACADS,AGA,ACADVL,ADA2,ABCB11,ALAD,ACSL6
4,ADGRB3,ACE,AGA,AHCYL2,ALPL,ACAT1,AHSG,ACOX1,ADAMTSL4,ABCC6,ALPL,ADD1
5,AFM,ACP5,ALDOB,APOD,ANG,ACO2,ALCAM,ACOX3,ADGRB3,ABHD6,ANG,ALDH1L1
6,AHSG,ACSL1,ALPL,CACUL1,APOA2,ACOT1,ALDOB,ACPP,ADGRF5,ACAA1,ANP32B,ALDH1L2
7,ALAD,ACSS3,ANG,CAMK2A,APOA4,ACOT2,ALPL,ADH1A,AFM,ACAA2,AOC3,ALOX5
8,ALCAM,ACTN2,ANP32B,CAMK2B,APP,ACSM3,ANG,ADH1B,AHSG,ACAD10,APOA2,ANK3
9,ALDOB,ACTN3,AOC3,CARKD,ARHGDIB,ACTR10,ANP32B,ADH1C,ALAD,ACAD8,APOA4,ASS1
10,ALPL,ACTR3B,APOA2,CCL21,ATP5F1B,ADD3,AOC3,ADH7,ALCAM,ACADM,APOL1,ATP5H
11,ANG,ADH1A,APOH,CDCA7L,ATRN,ADH1A,APOA2,ADIRF,ALDOB,ACADS,ARHGDIA,BCL7A
12,ANP32B,ADH1B,APP,CDKN2AIP,B2M,ADH1B,APOA4,AIF1L,ALPL,ACADSB,ATRN,BCL7B
13,AOC3,ADH1C,ARHGDIB,CTCFL,BCHE,ADH1C,APOH,AIM1,ANG,ACADVL,B2M,BDH2
14,APOA2,ADIRF,ATRN,DDAH1,C1QA,ADH5,APOL1,AIM1L,ANP32B,ACAT1,BCHE,BPGM
15,APOA4,AGER,B2M,DDX60L,C1QB,AGFG2,APP,AKT1S1,AOC3,ACE,C1QA,C14orf159
16,APOH,AGRN,BCHE,DMBT1,C1QC,AGL,ATRN,AKT2,AP3M1,ACMSD,C1QB,C5orf43
17,APOL1,AHNAK,BTD,DPAGT1,CD55,AGR2,B2M,ALAD,APOA2,ACO1,C1QC,CA1
18,APP,AK1,C1QA,DSG2,CEP250,AGR3,BASP1,ALDH2,APOA4,ACOT1,CD5L,CAPN5
19,ARHGDIB,AK5,C1QB,EI24,CFP,AHCYL1,BCHE,ALDH3A1,APOH,ACOT11,CEP250,CAT
20,ATP5F1B,AKAP12,C1QC,EVL,CGREF1,AHCYL2,BTD,ALDH3A2,APOL1,ACOT2,CFP,COL5A3
21,ATRN,AKAP2,CACNA2D1,FBXO3,CHL1,AHNAK,C1QA,ALDH6A1,APP,ACOX1,CGREF1,CYB5R2
22,AXL,AKR1C1,CD109,GIMAP4,CLEC3B,AKR1B10,C1QB,ALDH7A1,ARHGDIB,ACOX2,CHL1,DOCK5
23,B2M,AKR1C3,CD55,GNA12,CSF1R,AKR1B15,C1QC,ALDH9A1,ATP5F1B,ACSBG1,CLEC3B,EHD4
24,BCHE,ALDH1A1,CDSN,GNG12,CSN1S1,AKR1C1,CACNA2D1,ALOX12,ATP6V1A,ACSF2,CSN1S1,EML5
25,BTD,ALDH2,CEP250,GRAP2,CTBS,AKR1C2,CD163,ANKRD22,ATRN,ACSL1,CTBS,EPB42
26,C1QA,ALDH3B1,CFD,H1FX,DBNL,AKR1C3,CEP250,ANXA1,AXL,ACSM2A,DBNL,FUCA1
27,C1QB,ALDH3B2,CGREF1,H2AFV,EIF2AK3,AKR7A2,CHL1,ANXA8,B2M,ACSM2B,DIRAS2,HBA1
28,C1QC,ALOX5,CHL1,H2AFZ,ENPEP,AKR7A3,CLEC3B,ANXA8L1,BCHE,ACSM3,DMKN,HBA2
29,CACNA2D1,AMBP,CLEC3B,HDGFRP3,EPS15,ALDH1A1,CLTC,ANXA8L2,BTD,ACSS1,DPP4,HBB
30,CD55,ANK1,CLTC,HIST1H1C,FBXO4,ALDH3A1,CNTN1,APOB,C1QA,ACSS3,EIF2AK3,HBD
31,CDH13,ANO6,CNTN1,HIST1H1D,GLIPR2,ALDH6A1,COMP,APRT,C1QB,ACY1,ENPEP,HBE1
32,CDSN,ANXA1,COL1A2,HIST1H1E,HABP2,ANK2,CSF1R,ARHGAP21,C1QC,ACY3,ENPP6,HBG1
33,CEP250,ANXA2,CSN1S1,HIST1H1T,HGFAC,ANK3,CTBS,ARHGAP27,C2,ADD1,EXTL2,HBG2
34,CFD,ANXA3,CTBS,IST1,HNRNPK,ANKRD44,DBNL,ARHGEF10L,C6,ADH1A,F12,HPGD
35,CFH,ANXA4,DBNL,ITGA2,HSPA4,ANO10,ECI1,ARPC3,CACNA2D1,ADH1B,FBXO4,KPRP
36,CHL1,ANXA5,EIF2AK3,ITGA7,IGFALS,AOC1,EIF2AK3,ATP5B,CADM1,ADH1C,FCGR3B,KRT1
37,CLEC3B,ANXA6,ENPEP,KBTBD11,IGFBP3,AOC3,ENPEP,ATP5C1,CALML5,ADH6,HABP2,KRT9
38,CLTC,AOC3,ENPP6,KRT34,IL6ST,APOBEC3C,ENPP6,ATP5J2,CAMKK2,ADHFE1,HNRNPK,LHPP
39,CNTN1,APCS,F12,LCP2,KIT,APOBR,F12,ATP5J2-PTCD1,CD109,AFMID,HSPA4,LYRM4
40,COL18A1,APOA2,FBXO4,LMNB2,KLKB1,APPL2,FSTL1,BAIAP2,CD5L,AGMAT,ICAM3,MINOS1
41,COMP,AQP1,HGFAC,LOC100653049,KRT14,ARF6,HABP2,BCAT2,CDH13,AGPAT3,ICOSLG,NDUFS5
42,COTL1,ARHGEF17,HMGCS1,MAN2C1,KRT18,ARSA,HGFAC,BNIPL,CDH6,AGXT2,IGFALS,OGN
43,CSF1R,ARRB1,HNRNPK,MAP1B,KRT20,ASB15,HRG,BTBD11,CDHR2,AIF1L,IGFBP3,PCCA
44,CSN1S1,ASAH1,HSPA4,MARCO,KRT77,ATP1A1,HSPA4,BTF3,CDSN,AIFM1,IGFBP7,PIKFYVE
45,CTBS,ATP2B4,IGFALS,MECP2,LTBP1,ATP1A2,ICOSLG,C15orf63,CEP250,AK1,IL6ST,PITPNA
46,DBNL,AZGP1,IGFBP3,MUC2,MAGEC2,ATP1A3,IGFALS,C17orf109,CETP,AK2,KIT,PPL
47,DNAH5,BCAM,IL6ST,NDUFS6,MMP2,ATP2A3,IGFBP3,C1orf116,CFD,AK3,KLKB1,SAA2-SAA4
48,DSG1,BGN,JCHAIN,PACSIN2,NCAM1,ATP2B1,IL6ST,C21orf33,CFH,AK4,KRT17,SAA4
49,EFEMP1,BLVRB,KIT,PCYT2,NUCB1,ATP2B2,JCHAIN,C2orf54,CFP,AK9,KRT2,SCCPDH
50,EIF2AK3,BPGM,KLKB1,PMM2,P4HB,ATP2B3,KLKB1,C6orf132,CGREF1,AKR1A1,KRT20,SLC27A1
51,ELN,BST1,KRT14,PPIE,PCOLCE,ATP5A1,KRT10,CALML3,CHL1,AKR7A3,KRT73,SLC44A2
52,ENPP6,C1S,KRT17,PTRF,PI16,ATP5B,KRT14,CAPN1,CLEC3B,AKR7L,KRT77,SLC4A1
53,EXTL2,C2orf54,KRT20,PURA,PLIN3,ATP5C1,KRT7,CAPNS1,CNTN1,ALAD,KRT78,SPTB
54,F11,C3,KRT7,PYGB,PRH1,ATP5I,KRT77,CAST,COL18A1,ALDH1A2,LTBP1,TMOD1
55,F12,C4A,KRT73,RANBP10,PRSS3,ATP5L,KRT78,CBWD7,COL6A3,ALDH1B1,MAGEC2,TPSAB1
56,F13B,C4B,KRT77,RGS3,PTPRJ,ATP5O,KRT9,CCBL2,COMP,ALDH2,MMP2,TPSB2
57,FAM20C,C4B_2,KRT78,RRAS,PVR,ATP6,LGALS3BP,CCDC64B,CRTAC1,ALDH3A2,MMRN2,VWA5A
58,FBP1,C5,KRT9,S100A13,S100A7,ATP8B1,LTBP1,CDK5RAP2,CSF1R,ALDH4A1,MPO,WDR73
59,FCGBP,C6,LAMP1,SCARB2,SBSN,AUH,LUM,CEACAM1,CSN1S1,ALDH5A1,MYH14,ZFP14
60,FCGR3B,C6orf132,LTBP1,SCLT1,SELL,BCAM,MAGEC2,CEACAM5,CSPG4,ALDH6A1,NEFM,ZNF189
61,GLIPR2,C7,LUM,SDPR,SERPINB1,BCAS1,NCAM1,CES2,CST3,ALDH7A1,NME1,ZNF331
62,HGFAC,C8A,LYVE1,SELENBP1,SERPINE1,BCAT2,NEFM,CKMT1A,CST6,ALDH9A1,P4HB,
63,HNRNPK,C8G,MAGEC2,SERPINB5,SLC38A10,BCL2L15,NUCB1,CKMT1B,CTBS,ALDOB,PLIN3,
64,HRG,CA1,MMP2,SIGMAR1,SPARCL1,BDH1,PCOLCE,CKMT2,DBH,AMBP,POSTN,
65,HRNR,CA2,MMRN2,SLC25A20,TAGLN,BLVRB,PI16,CLCA4,DIRAS2,AMN,PTPRJ,
66,HSPA4,CAMKK2,MYO1C,SNX3,TALDO1,BRP44,PLIN3,CLDN3,DPEP2,ANG,SBSN,
67,HSPB8,CAPN2,NCAM1,SNX30,TFPI,C14orf159,PRSS3,CLDN4,ECM1,ANK2,SERPINA5,
68,HSPD1,CAT,NEFM,SSH2,TKFC,C15orf38,PTPA,CLDN6,EFEMP1,ANPEP,SERPINA7,
69,ICOSLG,CAV1,NME1,STAB1,TMEM256,C15orf38-AP3S2,PTPRJ,CLDN9,EIF2AK3,ANXA3,SERPINE1,
70,IGFALS,CAV2,NUCB1,TMPRSS13,TTR,C15orf48,PVR,CLIC3,ENPEP,AOC3,SERPINF2,
71,IGFBP3,CD109,P4HB,TRIM21,XPNPEP2,C17orf62,QSOX1,CLU,ENPP6,AOX1,SLC25A3,
72,IGFBP7,CD34,PCOLCE,ZNF346,,C19orf33,S100A7,CMPK1,EXTL2,APOA4,SLC38A10,
73,IL6ST,CD44,PI16,,,CA1,SBSN,COASY,F10,APOC3,SPARCL1,
74,KIT,CDC42EP4,PLIN3,,,CA2,SELL,COL7A1,F11,APOE,SPG11,
75,KLKB1,CDH13,PRSS3,,,CAMK1,SEMG1,COMT,F12,AQP1,SPTA1,
76,KRT10,CDH5,PTPA,,,CAMK2A,SERPINB1,COQ9,F13B,ARL3,TBCD,
77,KRT13,CDK17,PTPRJ,,,CAMK2B,SERPINE1,COX1,FAM20C,ARSF,TKFC,
78,KRT14,CES1,PVR,,,CAPN5,SERPINF2,COX5A,FBP1,ASB9,TMEM256,
79,KRT17,CFB,QSOX1,,,CASP1,SLC38A10,CRABP2,FCGBP,ASPDH,TNXA,
80,KRT18,CFD,S100A7,,,CASP7,SOD3,CRAT,FCGR3A,ASS1,TTR,
81,KRT2,CFH,SBSN,,,CAST,SPARCL1,CRNN,FCGR3B,ATP12A,VCAM1,
82,KRT5,CGN,SEMG1,,,CAV1,TAGLN,CRYAB,FSTL1,ATP1A1,VIM,
83,KRT7,CLDN5,SERPINA7,,,CAV3,TALDO1,CSK,GC,ATP1A2,,
84,KRT73,CLIC2,SERPINB1,,,CCDC64B,TBCD,CSTA,GGH,ATP1A3,,
85,KRT77,CLIC3,SERPINE1,,,CD81,TMEM256,CTNNB1,GLIPR2,ATP1A4,,
86,KRT78,CLIC5,SLC38A10,,,CDH17,TTR,CTNNBIP1,GPI,ATP1B1,,
87,KRT9,CLU,SOD3,,,CES3,,CTNND1,GSN,ATP4A,,
88,LDHA,CNN1,SPARCL1,,,CHGA,,CTNND2,HABP2,ATP6V0A1,,
89,LPA,COL12A1,SPTA1,,,CHL1,,DAPL1,HEG1,ATP6V0A4,,
90,LTBP1,COL15A1,TALDO1,,,CHP2,,DCTD,HGFAC,ATP6V0D1,,
91,LUM,COL18A1,TFPI,,,CKB,,DENND2D,HMGCS1,ATP6V1A,,
92,LYZ,COL1A1,TKFC,,,CKMT1A,,DHRS1,HNRNPK,ATP6V1B1,,
93,MAGEC2,COL1A2,TMEM256,,,CKMT1B,,DNAH5,HRG,ATP6V1B2,,
94,MCAM,COL4A1,TTR,,,CLCA1,,DNAJB1,HSPA4,ATP6V1C2,,
95,MEGF8,COL4A2,VIM,,,CLIC2,,DOCK6,HSPA5,ATP6V1D,,
96,MMP2,COL4A4,,,,CLMN,,DSC2,HYOU1,ATP6V1E1,,
97,MYO1C,COL6A1,,,,CMA1,,DSC3,ICAM1,ATP6V1E2,,
98,NCAM1,COL6A2,,,,CMBL,,DSG3,ICOSLG,ATP6V1F,,
99,NEFM,COL6A3,,,,CNKSR1,,DSP,IGFALS,ATP6V1G1,,
100,NME1,COL6A5,,,,CNNM4,,DUOX1,IGFBP3,ATP6V1G2,,
101,P4HB,COL6A6,,,,COL14A1,,ECM1,IGFBP5,ATP6V1H,,
102,PCOLCE,COL8A1,,,,CORO7,,EIF1AX,IGFBP7,AUH,,
103,PDIA3,CP,,,,COX1,,EIF1AY,IL6ST,AVIL,,
104,PGLYRP2,CRIP2,,,,COX2,,EIF4G3,JCHAIN,BAIAP2,,
105,PI16,CRYAB,,,,COX6C,,EPG5,KIT,BDH1,,
106,PLIN3,CSPG4,,,,COX7A2,,EPHX2,KLKB1,BDH2,,
107,PPM1D,CSRP1,,,,CPA3,,EPS8L1,KNG1,BHMT2,,
108,PRSS3,CST3,,,,CPM,,EPS8L2,KRT1,BIN1,,
109,PTPRJ,CTSG,,,,CPT2,,ERO1L,KRT10,BPHL,,
110,PVR,CTSH,,,,CRAT,,EVPL,KRT13,BST1,,
111,SBSN,CYB5A,,,,CRK,,EVPLL,KRT14,BTD,,
112,SELL,CYB5R3,,,,CRYAB,,EXD2,KRT17,C11orf54,,
113,SEMG1,CYP27A1,,,,CRYM,,EXOC4,KRT7,C8orf82,,
114,SERPINA7,CYP7B1,,,,CTSS,,FAH,KRT73,CA2,,
115,SERPINB1,DAG1,,,,CYP4F12,,FAM129B,KRT77,CA4,,
116,SERPINE1,DCN,,,,DAB2IP,,FAM213A,KRT78,CADM1,,
117,SERPINF1,DES,,,,DAG1,,FAM98C,KRT9,CALB1,,
118,SERPINF2,DMD,,,,DCN,,FARSA,LAMB1,CALB2,,
119,SLC38A10,DNAJB4,,,,DCTN1,,FASN,LDHA,CAPN5,,
120,SOD2,DNPEP,,,,DCTN2,,FRY,LGALS3BP,CAT,,
121,SOD3,DOCK2,,,,DDAH1,,FUK,LMAN2,CBR4,,
122,SPARCL1,DOCK6,,,,DHRS11,,FYCO1,LTBP1,CD5L,,
123,TAGLN,DPP4,,,,DMD,,GAN,LUM,CDH16,,
124,TALDO1,DPT,,,,DOCK10,,GATSL3,LYVE1,CDHR2,,
125,TFPI,DUSP3,,,,DOCK2,,GBP4,LYZ,CDHR5,,
126,TKFC,DYSF,,,,DOPEY1,,GBP6,MAGEC2,CDK14,,
127,TMEM256,ECHDC1,,,,DOPEY2,,GBP7,MCAM,CEACAM1,,
128,TNXA,EHD1,,,,DPT,,GDPD3,MEGF8,CFD,,
129,TTR,EHD2,,,,DTNA,,GFAP,MMP2,CFHR2,,
130,VIM,EHD3,,,,ECI1,,GIGYF1,MMRN2,CGN,,
131,,EHD4,,,,ECI2,,GIPC1,MST1,CHDH,,
132,,ELMO1,,,,EEF2K,,GPD2,MYO1C,CHP1,,
133,,ELN,,,,EGFR,,HEBP2,NCAM1,CKB,,
134,,EMILIN1,,,,EHD2,,HIBCH,NEFM,CKMT1A,,
135,,ENTPD1,,,,EHHADH,,HSPB1,OLFM1,CKMT1B,,
136,,EPB41L5,,,,EML1,,IDNK,P4HB,CKMT2,,
137,,EPB42,,,,ENDOD1,,IL18,PCOLCE,CLEC18A,,
138,,EPHX1,,,,ENTPD5,,IL1RN,PGD,CLEC18C,,
139,,EPN2,,,,EPB41L3,,IL36A,PGLYRP2,CLEC3B,,
140,,ESAM,,,,EPHX1,,IMPA2,PI16,CLIC5,,
141,,EVPL,,,,EPHX2,,INPP1,PLG,CLPB,,
142,,F12,,,,ETFA,,ITPKC,PLIN3,CLU,,
143,,F13A1,,,,ETFDH,,IVL,PODXL,CLYBL,,
144,,F9,,,,ETHE1,,JUP,PON3,COBLL1,,
145,,FABP4,,,,FAM114A1,,KIAA1468,POSTN,COL18A1,,
146,,FAM63A,,,,FAM129A,,KPNB1,PPM1D,COL4A4,,
147,,FAM63B,,,,FAM162A,,KRT12,PRH1,COQ10B,,
148,,FBLN1,,,,FAM3D,,KRT13,PROCR,COQ9,,
149,,FBLN2,,,,FAM83F,,KRT15,PRSS1,COX1,,
150,,FBLN5,,,,FCGBP,,KRT19,PRSS3,COX2,,
151,,FBN1,,,,FH,,KRT2,PTPA,COX4I1,,
152,,FBP1,,,,FHL1,,KRT24,PTPRG,COX5A,,
153,,FERMT2,,,,FLOT2,,KRT4,PTPRJ,COX5B,,
154,,FGG,,,,FMO5,,KRT7,PVR,COX6A1,,
155,,FHL1,,,,FUCA1,,KRT71,REC8,COX6B1,,
156,,FLNA,,,,FUCA2,,KRT72,RNASE4,COX6C,,
157,,FLNC,,,,FXYD3,,KRT73,SBSN,COX7A1,,
158,,GALT,,,,GALM,,KRT74,SELENOP,COX7A2,,
159,,GCOM1,,,,GALNT12,,KRT78,SELL,COX8A,,
160,,GIMAP1,,,,GALNT7,,KRT79,SEMG1,CPQ,,
161,,GIMAP4,,,,GCC2,,KRT80,SERPINA6,CRAT,,
162,,GLUD1,,,,GCG,,LDB3,SERPINA7,CRYL1,,
163,,GLUD2,,,,GIMAP1,,LGALS7,SERPINB1,CRYM,,
164,,GNG7,,,,GLOD4,,LGALS7B,SERPINC1,CTH,,
165,,GPD1,,,,GLTP,,LIMD2,SERPINE1,CTSL,,
166,,GPX3,,,,GM2A,,LMO7,SERPINF1,CUBN,,
167,,GSN,,,,GMPPA,,LOC101060318,SERPINF2,CYC1,,
168,,GUCY1A3,,,,GMPPB,,LOC101060578,SLC25A3,CYCS,,
169,,GUCY1B3,,,,GNA11,,LRBA,SLC38A10,CYP27A1,,
170,,HBA1,,,,GNA13,,LRRC1,SOD3,CYP4A11,,
171,,HBA2,,,,GNAO1,,LSS,SPARCL1,CYP4A22,,
172,,HBB,,,,GNAQ,,LTA4H,SPTA1,CYP4F2,,
173,,HBD,,,,GNAS,,LYPD3,TALDO1,CYP4F3,,
174,,HLA-DPA1,,,,GNG2,,LYRM4,TBCD,CYP4F8,,
175,,HLA-DQA1,,,,GNG7,,MCCC2,TFPI,CYP8B1,,
176,,HLA-DQA2,,,,GNPTAB,,MFAP4,TMEM256,CYTB,,
177,,HLA-DQB1,,,,GOLM1,,MGLL,TNXA,D2HGDH,,
178,,HLA-DRA,,,,GOLPH3L,,MIPEP,TTR,DAO,,
179,,HLA-DRB1,,,,GPA33,,MLLT4,VASN,DBT,,
180,,HLA-DRB3,,,,GPD1L,,MPP7,VASP,DCXR,,
181,,HLA-DRB4,,,,GSDMB,,MPZL2,VIM,DDAH1,,
182,,HLA-DRB5,,,,GSR,,MUC21,XPNPEP2,DDC,,
183,,HP,,,,GSTM2,,MYH14,,DHRS11,,
184,,HPCAL1,,,,GTF2E2,,MYO5B,,DHRS4,,
185,,HRG,,,,HAAO,,NAGK,,DHRS4L2,,
186,,HSD17B11,,,,HADH,,NAPB,,DHRS7B,,
187,,HSPA12A,,,,HADHA,,NBAS,,DHTKD1,,
188,,HSPA12B,,,,HADHB,,NBEAL2,,DLD,,
189,,HSPB6,,,,HBA1,,NCCRP1,,DLG1,,
190,,HSPG2,,,,HBA2,,NDUFA12,,DLST,,
191,,ICAM1,,,,HECTD3,,NDUFA13,,DMGDH,,
192,,IDUA,,,,HLA-DPA1,,NDUFA9,,DMTN,,
193,,IGFALS,,,,HMGCS1,,NDUFB6,,DMXL1,,
194,,IGLL5,,,,HMGCS2,,NOL3,,DPEP1,,
195,,ILK,,,,HPN,,NPHS1,,DPP4,,
196,,INA,,,,HSD11B2,,NSDHL,,DPYS,,
197,,INPP5K,,,,HSD17B11,,OGN,,ECHDC2,,
198,,ITGA1,,,,HSD17B8,,OPLAH,,ECHDC3,,
199,,ITGA3,,,,HSPA12B,,PADI1,,ECHS1,,
200,,ITGA5,,,,HSPB6,,PCCB,,ECI1,,
201,,ITGAM,,,,IDH3B,,PDCD4,,ECI2,,
202,,ITGB1,,,,IGFBP2,,PDHB,,EHD3,,
203,,ITGB2,,,,IGJ,,PEF1,,EHHADH,,
204,,ITSN2,,,,IL16,,PGAM2,,ENPP6,,
205,,KANK2,,,,INTS12,,PGAM4,,ENTPD5,,
206,,KNG1,,,,IQGAP2,,PGD,,EPB41L3,,
207,,KRT19,,,,ITGA1,,PHGDH,,EPB41L5,,
208,,KRT7,,,,ITGA3,,PITX2,,EPHX2,,
209,,LAMA3,,,,ITGA7,,PITX3,,ETFA,,
210,,LAMA4,,,,ITGB4,,PKP3,,ETFB,,
211,,LAMA5,,,,ITLN1,,PLCD1,,ETFDH,,
212,,LAMB2,,,,ITLN2,,PLEKHM1,,F9,,
213,,LAMB3,,,,KANK2,,PPDPF,,FABP1,,
214,,LAMC1,,,,KBTBD11,,PPL,,FAM151A,,
215,,LAMC2,,,,KCTD12,,PRDX2,,FBP1,,
216,,LAMP3,,,,KIAA1522,,PRKCH,,FBP2,,
217,,LGALS3,,,,KIAA2013,,PRKCZ,,FBXO2,,
218,,LIMCH1,,,,KIF13A,,PROM2,,FECH,,
219,,LIPA,,,,KIF13B,,PSMB2,,FERMT2,,
220,,LMCD1,,,,KLC3,,PTGR1,,FH,,
221,,LMNA,,,,KLC4,,PYGB,,FHIT,,
222,,LMO7,,,,KLK1,,RAB10,,FMO1,,
223,,LMOD1,,,,LAMA5,,RAB11FIP1,,FMO4,,
224,,LOC100507709,,,,LAMB2,,RAB11FIP2,,FMO5,,
225,,LOC100507714,,,,LDHD,,RAB25,,FN3K,,
226,,LOC100509457,,,,LGALS3,,RAB27B,,FRAS1,,
227,,LOC100653057,,,,LGALS4,,RAB3D,,FREM2,,
228,,LOC101060681,,,,LIMA1,,RANBP9,,FRK,,
229,,LOC101060714,,,,LIX1L,,RASAL1,,FTCD,,
230,,LOC101060798,,,,LLGL2,,RBM4B,,FXYD2,,
231,,LPHN2,,,,LMOD1,,RETSAT,,FXYD6-FXYD2,,
232,,LPP,,,,LOC100996724,,RHCG,,GALK1,,
233,,LRP1,,,,LOC101060291,,RPLP1,,GALM,,
234,,LTF,,,,LOC101060372,,RPS26,,GATM,,
235,,LUM,,,,LOC101060547,,RPS3A,,GCDH,,
236,,LXN,,,,LOC101060570,,S100A14,,GGH,,
237,,LYZ,,,,LOC101060714,,S100A16,,GGT1,,
238,,MAMDC2,,,,LOC101060798,,S100A9,,GGT2,,
239,,MAOA,,,,LPP,,SCEL,,GGT5,,
240,,MAOB,,,,MAN1A1,,SCIN,,GGTLC2,,
241,,MCAM,,,,MAN2A1,,SELENBP1,,GIPC1,,
242,,METTL7A,,,,MAOA,,SERBP1,,GK,,
243,,MFAP4,,,,MAOB,,SERPINB1,,GK2,,
244,,MGLL,,,,MAP2K6,,SERPINB13,,GLA,,
245,,MLPH,,,,MAP3K2,,SERPINB2,,GLB1,,
246,,MME,,,,MAPK13,,SERPINB3,,GLDC,,
247,,MMP28,,,,MATN2,,SERPINB4,,GLUD2,,
248,,MMP9,,,,MCAM,,SERPINI2,,GLYAT,,
249,,MMRN2,,,,MCCC1,,SESN2,,GLYATL1,,
250,,MNDA,,,,METTL7A,,SETMAR,,GLYATL1B,,
251,,MPO,,,,MFAP5,,SH3BGRL2,,GLYCTK,,
252,,MPRIP,,,,MFNG,,SH3GLB2,,GNS,,
253,,MRC1,,,,MLPH,,SHMT1,,GOT2,,
254,,MRC2,,,,MPDU1,,SIRT2,,GPD1,,
255,,MSN,,,,MRGPRF,,SLC25A26,,GPD1L,,
256,,MTARC2,,,,MRPS11,,SLC9A3R1,,GPHN,,
257,,MUC1,,,,MTARC2,,SNX33,,GPT2,,
258,,MYADM,,,,MUC2,,SORT1,,GPX3,,
259,,MYH11,,,,MUT,,SPATA20,,GRHPR,,
260,,MYL6,,,,MYCBP,,SPINK5,,GSTM3,,
261,,MYL9,,,,MYH11,,SPINT1,,GSTZ1,,
262,,MYLK,,,,MYO1A,,SPRR3,,GUF1,,
263,,MYO1B,,,,MYO5C,,SPTAN1,,HAAO,,
264,,MYO1C,,,,NADK,,SPTBN2,,HADH,,
265,,NAPSA,,,,NANS,,STAP2,,HAGH,,
266,,NCF1,,,,NBAS,,SULT2B1,,HAO2,,
267,,NCF4,,,,ND3,,SYTL1,,HDAC6,,
268,,NEFH,,,,ND5,,TACC2,,HDHD3,,
269,,NEFL,,,,NDRG2,,TACSTD2,,HIBCH,,
270,,NEFM,,,,NDUFA10,,TBC1D7,,HINT2,,
271,,NES,,,,NDUFA12,,TGM1,,HIP1R,,
272,,NID1,,,,NDUFA13,,TGM3,,HMGCL,,
273,,NID2,,,,NDUFA2,,TJP1,,HMGCS2,,
274,,NPNT,,,,NDUFA3,,TJP2,,HOGA1,,
275,,NPTN,,,,NDUFA9,,TKT,,HPD,,
276,,NT5E,,,,NDUFB4,,TMOD3,,HPGD,,
277,,OGN,,,,NDUFB5,,TNXB,,HSD11B2,,
278,,OLFML1,,,,NDUFB9,,TOLLIP,,HSD17B14,,
279,,OLFML3,,,,NDUFS1,,TOM1,,HSD17B8,,
280,,PADI4,,,,NDUFS3,,TOM1L2,,HSPA12A,,
281,,PALLD,,,,NDUFS8,,TPD52L1,,IDH1,,
282,,PALM2-AKAP2,,,,NDUFV1,,TPRG1,,IDH2,,
283,,PAPSS2,,,,NDUFV2,,TPSAB1,,ILVBL,,
284,,PARVA,,,,NECAP1,,TPSB2,,IQGAP2,,
285,,PBXIP1,,,,NEDD4L,,TPSD1,,ISCA2,,
286,,PCDH1,,,,NES,,TRIM16,,ITIH5,,
287,,PCDHGB1,,,,NGLY1,,TSC22D4,,IVD,,
288,,PCDHGB3,,,,NIPSNAP3B,,TTC19,,KHK,,
289,,PCYOX1,,,,NLRX1,,UGT1A7,,KIF13B,,
290,,PDGFRB,,,,NNT,,UGT1A8,,L1CAM,,
291,,PDLIM2,,,,NUCB2,,UGT1A9,,L2HGDH,,
292,,PDLIM7,,,,NUMA1,,ULK3,,LARS2,,
293,,PECAM1,,,,OGN,,VMAC,,LDHB,,
294,,PGM5,,,,OXCT1,,VPS25,,LDHD,,
295,,PLCD1,,,,PADI2,,VPS37B,,LEO1,,
296,,PLEC,,,,PCDH1,,VPS4B,,LETM1,,
297,,PLSCR4,,,,PCK1,,VSIG10L,,LHPP,,
298,,PLXDC2,,,,PCYOX1,,YOD1,,LLGL2,,
299,,PLXND1,,,,PDCD4,,YWHAB,,LYZ,,
300,,PMP2,,,,PDE4DIP,,YWHAG,,MACROD1,,
301,,PODN,,,,PDE5A,,YWHAH,,MAL2,,
302,,PON2,,,,PDK1,,YWHAQ,,MCCC1,,
303,,PPAP2B,,,,PFKFB2,,ZNF185,,MCCC2,,
304,,PPFIBP1,,,,PGM5,,,,MCEE,,
305,,PPL,,,,PHACTR4,,,,MGAM,,
306,,PRELP,,,,PIGR,,,,MGAM2,,
307,,PRKCDBP,,,,PITPNA,,,,MIOX,,
308,,PRKG1,,,,PKN2,,,,MISP3,,
309,,PROS1,,,,PLCD1,,,,MME,,
310,,PRX,,,,PLCG2,,,,MPC1,,
311,,PTRF,,,,PLD3,,,,MPST,,
312,,PURA,,,,PLEKHA7,,,,MSRA,,
313,,PZP,,,,PLVAP,,,,MT1E,,
314,,QSOX1,,,,PPAP2B,,,,MT1F,,
315,,RAB27B,,,,PPP2R2B,,,,MT1G,,
316,,RALB,,,,PRKAR1A,,,,MT1H,,
317,,RASIP1,,,,PTGFRN,,,,MT1X,,
318,,RBPMS,,,,PTGS1,,,,MT2A,,
319,,RDX,,,,PTK2B,,,,MTARC1,,
320,,RFTN1,,,,PTPRCAP,,,,MTARC2,,
321,,RHCE,,,,PTPRF,,,,MTCH2,,
322,,RHD,,,,PTRF,,,,MTHFS,,
323,,RRAS,,,,QSOX1,,,,MYH15,,
324,,RRAS2,,,,RAB27A,,,,MYO6,,
325,,RSU1,,,,RAB27B,,,,MYO7B,,
326,,S100A10,,,,RETSAT,,,,NAGLU,,
327,,S100A4,,,,RILP,,,,NAPSA,,
328,,SDC4,,,,RPS6KA1,,,,NARS2,,
329,,SDPR,,,,RRAS,,,,NAT8,,
330,,SELENBP1,,,,S100A16,,,,ND1,,
331,,SEPTIN10,,,,S100B,,,,ND2,,
332,,SERPINC1,,,,SCAMP2,,,,ND3,,
333,,SERPIND1,,,,SCG2,,,,ND4,,
334,,SERPING1,,,,SCGN,,,,ND5,,
335,,SFTPA1,,,,SDHA,,,,ND6,,
336,,SFTPA2,,,,SDPR,,,,NDUFA10,,
337,,SFTPB,,,,SEC11C,,,,NDUFA11,,
338,,SGCE,,,,SELENBP1,,,,NDUFA12,,
339,,SLC27A1,,,,SGCD,,,,NDUFA13,,
340,,SLC4A1,,,,SGSH,,,,NDUFA2,,
341,,SLC9A3R2,,,,SH3BP1,,,,NDUFA3,,
342,,SNTB1,,,,SHMT1,,,,NDUFA4,,
343,,SNTB2,,,,SIAE,,,,NDUFA5,,
344,,SNX17,,,,SIGIRR,,,,NDUFA6,,
345,,SOD3,,,,SLC26A2,,,,NDUFA7,,
346,,SORBS1,,,,SLC35B3,,,,NDUFA8,,
347,,SORBS2,,,,SLC44A2,,,,NDUFA9,,
348,,SORBS3,,,,SLC9A1,,,,NDUFAB1,,
349,,SPARCL1,,,,SNTB2,,,,NDUFB1,,
350,,SPON1,,,,SORBS1,,,,NDUFB10,,
351,,SPTA1,,,,SORBS2,,,,NDUFB11,,
352,,SPTAN1,,,,SPAG7,,,,NDUFB3,,
353,,SPTBN1,,,,SPON1,,,,NDUFB4,,
354,,STOM,,,,SPTAN1,,,,NDUFB5,,
355,,STX7,,,,SQRDL,,,,NDUFB6,,
356,,SULT1A1,,,,SSH3,,,,NDUFB7,,
357,,SULT1A2,,,,ST14,,,,NDUFB8,,
358,,SULT1A3,,,,ST6GALNAC1,,,,NDUFB9,,
359,,SULT1A4,,,,STAB1,,,,NDUFC2,,
360,,SUSD2,,,,STAP2,,,,NDUFS1,,
361,,SYNM,,,,STIM1,,,,NDUFS2,,
362,,TACSTD2,,,,SUCLG2,,,,NDUFS3,,
363,,TAGLN,,,,SULT1A1,,,,NDUFS4,,
364,,TCIRG1,,,,SULT1A2,,,,NDUFS5,,
365,,TENC1,,,,SULT1A3,,,,NDUFS6,,
366,,TF,,,,SULT1A4,,,,NDUFS7,,
367,,TGFB1I1,,,,SULT1B1,,,,NDUFS8,,
368,,TGM2,,,,SUMF2,,,,NDUFV1,,
369,,TIMP3,,,,SYNE2,,,,NDUFV2,,
370,,TINAGL1,,,,SYNPO2,,,,NEBL,,
371,,TJP1,,,,SYTL2,,,,NES,,
372,,TLN1,,,,TDP2,,,,NFASC,,
373,,TLN2,,,,TENC1,,,,NPC2,,
374,,TMEM173,,,,TEP1,,,,NPNT,,
375,,TMOD1,,,,TFF3,,,,NQO2,,
376,,TMOD3,,,,TIMM21,,,,NTN4,,
377,,TNS1,,,,TJP3,,,,NUBPL,,
378,,TNXB,,,,TMPPE,,,,NUDT6,,
379,,TPM1,,,,TNXB,,,,OAF,,
380,,TPM2,,,,TOR3A,,,,OAT,,
381,,TPSAB1,,,,TPSAB1,,,,OCIAD1,,
382,,TPSB2,,,,TPSB2,,,,OGDH,,
383,,TPSD1,,,,TPSD1,,,,OGDHL,,
384,,TRIOBP,,,,TRPM4,,,,OR4C16,,
385,,TSPAN15,,,,TSPAN15,,,,OSBPL8,,
386,,TTC7B,,,,TST,,,,OXCT1,,
387,,TTR,,,,TTC38,,,,OXCT2,,
388,,UNC13D,,,,TTC39A,,,,OXSM,,
389,,UTRN,,,,TXNDC5,,,,PADI2,,
390,,VCL,,,,UAP1,,,,PAFAH2,,
391,,VIM,,,,UBE2J1,,,,PAH,,
392,,VWF,,,,UGDH,,,,PALM,,
393,,WFS1,,,,UGP2,,,,PALM3,,
394,,YIF1A,,,,UGT1A1,,,,PAPLN,,
395,,,,,,UGT1A10,,,,PARK7,,
396,,,,,,UGT1A3,,,,PBLD,,
397,,,,,,UGT1A4,,,,PBX1,,
398,,,,,,UGT1A5,,,,PC,,
399,,,,,,UGT1A6,,,,PCCA,,
400,,,,,,UGT1A7,,,,PCCB,,
401,,,,,,UGT1A8,,,,PCK1,,
402,,,,,,UGT1A9,,,,PCK2,,
403,,,,,,UGT2A3,,,,PCYOX1,,
404,,,,,,UQCRC2,,,,PCYT2,,
405,,,,,,UQCRFS1,,,,PDE1A,,
406,,,,,,UTRN,,,,PDHA1,,
407,,,,,,VILL,,,,PDHB,,
408,,,,,,VIP,,,,PDK2,,
409,,,,,,VPS53,,,,PDLIM2,,
410,,,,,,VWA5A,,,,PDZK1,,
411,,,,,,VWF,,,,PDZK1IP1,,
412,,,,,,WFDC2,,,,PEBP1,,
413,,,,,,WNK2,,,,PEPD,,
414,,,,,,XPC,,,,PFKFB1,,
415,,,,,,ZG16,,,,PFKFB2,,
416,,,,,,ZZEF1,,,,PFKFB3,,
417,,,,,,,,,,PHGDH,,
418,,,,,,,,,,PHYH,,
419,,,,,,,,,,PIP5K1B,,
420,,,,,,,,,,PIPOX,,
421,,,,,,,,,,PLEKHA6,,
422,,,,,,,,,,PLEKHA7,,
423,,,,,,,,,,PLXNB1,,
424,,,,,,,,,,PNP,,
425,,,,,,,,,,PNPO,,
426,,,,,,,,,,PRKAR2B,,
427,,,,,,,,,,PRKCG,,
428,,,,,,,,,,PRKCZ,,
429,,,,,,,,,,PRODH2,,
430,,,,,,,,,,PSAT1,,
431,,,,,,,,,,PTPRS,,
432,,,,,,,,,,QDPR,,
433,,,,,,,,,,QPRT,,
434,,,,,,,,,,RAB11FIP3,,
435,,,,,,,,,,RBM25,,
436,,,,,,,,,,RBP4,,
437,,,,,,,,,,RDH11,,
438,,,,,,,,,,REEP6,,
439,,,,,,,,,,RHOT1,,
440,,,,,,,,,,RIT1,,
441,,,,,,,,,,RMND1,,
442,,,,,,,,,,RNASE1,,
443,,,,,,,,,,RNASE2,,
444,,,,,,,,,,ROGDI,,
445,,,,,,,,,,RRAS2,,
446,,,,,,,,,,SARDH,,
447,,,,,,,,,,SCRN2,,
448,,,,,,,,,,SDHA,,
449,,,,,,,,,,SDHB,,
450,,,,,,,,,,SDSL,,
451,,,,,,,,,,SELENBP1,,
452,,,,,,,,,,SEMA4D,,
453,,,,,,,,,,SERPINA5,,
454,,,,,,,,,,SERPINB6,,
455,,,,,,,,,,SFRP1,,
456,,,,,,,,,,SFXN2,,
457,,,,,,,,,,SH3BGRL2,,
458,,,,,,,,,,SHMT1,,
459,,,,,,,,,,SHPK,,
460,,,,,,,,,,SIAE,,
461,,,,,,,,,,SIGIRR,,
462,,,,,,,,,,SLC12A1,,
463,,,,,,,,,,SLC16A4,,
464,,,,,,,,,,SLC17A1,,
465,,,,,,,,,,SLC1A1,,
466,,,,,,,,,,SLC22A11,,
467,,,,,,,,,,SLC22A12,,
468,,,,,,,,,,SLC22A2,,
469,,,,,,,,,,SLC22A5,,
470,,,,,,,,,,SLC22A6,,
471,,,,,,,,,,SLC23A1,,
472,,,,,,,,,,SLC25A10,,
473,,,,,,,,,,SLC25A11,,
474,,,,,,,,,,SLC25A20,,
475,,,,,,,,,,SLC25A35,,
476,,,,,,,,,,SLC25A4,,
477,,,,,,,,,,SLC25A42,,
478,,,,,,,,,,SLC25A5,,
479,,,,,,,,,,SLC25A6,,
480,,,,,,,,,,SLC27A2,,
481,,,,,,,,,,SLC2A9,,
482,,,,,,,,,,SLC30A9,,
483,,,,,,,,,,SLC3A1,,
484,,,,,,,,,,SLC3A2,,
485,,,,,,,,,,SLC43A2,,
486,,,,,,,,,,SLC4A4,,
487,,,,,,,,,,SLC4A8,,
488,,,,,,,,,,SLC5A10,,
489,,,,,,,,,,SLC5A12,,
490,,,,,,,,,,SLC5A2,,
491,,,,,,,,,,SLC5A9,,
492,,,,,,,,,,SLC6A19,,
493,,,,,,,,,,SLC7A8,,
494,,,,,,,,,,SLC8A1,,
495,,,,,,,,,,SLC9A3R1,,
496,,,,,,,,,,SLC9A3R2,,
497,,,,,,,,,,SLCO4C1,,
498,,,,,,,,,,SNCA,,
499,,,,,,,,,,SOD3,,
500,,,,,,,,,,SORD,,
501,,,,,,,,,,SORT1,,
502,,,,,,,,,,SPTAN1,,
503,,,,,,,,,,SPTBN1,,
504,,,,,,,,,,SPTBN2,,
505,,,,,,,,,,ST20-MTHFS,,
506,,,,,,,,,,STARD10,,
507,,,,,,,,,,STX3,,
508,,,,,,,,,,SUCLG1,,
509,,,,,,,,,,SUCLG2,,
510,,,,,,,,,,SUOX,,
511,,,,,,,,,,SUSD2,,
512,,,,,,,,,,TBC1D10A,,
513,,,,,,,,,,TBC1D13,,
514,,,,,,,,,,THSD7A,,
515,,,,,,,,,,TINAG,,
516,,,,,,,,,,TINAGL1,,
517,,,,,,,,,,TJP1,,
518,,,,,,,,,,TMEM67,,
519,,,,,,,,,,TMEM72,,
520,,,,,,,,,,TSPAN33,,
521,,,,,,,,,,TST,,
522,,,,,,,,,,TTC38,,
523,,,,,,,,,,TTR,,
524,,,,,,,,,,TUFM,,
525,,,,,,,,,,TXN2,,
526,,,,,,,,,,TXNRD2,,
527,,,,,,,,,,UGT1A7,,
528,,,,,,,,,,UGT1A8,,
529,,,,,,,,,,UGT1A9,,
530,,,,,,,,,,UGT2B10,,
531,,,,,,,,,,UGT2B11,,
532,,,,,,,,,,UGT2B17,,
533,,,,,,,,,,UGT2B4,,
534,,,,,,,,,,UGT2B7,,
535,,,,,,,,,,UMOD,,
536,,,,,,,,,,UQCR10,,
537,,,,,,,,,,UQCR11,,
538,,,,,,,,,,UQCRB,,
539,,,,,,,,,,UQCRC1,,
540,,,,,,,,,,UQCRC2,,
541,,,,,,,,,,UQCRFS1,,
542,,,,,,,,,,UQCRH,,
543,,,,,,,,,,USH1C,,
544,,,,,,,,,,VIL1,,
545,,,,,,,,,,WDR72,,
546,,,,,,,,,,WDR87,,
547,,,,,,,,,,WDSUB1,,
548,,,,,,,,,,WLS,,
549,,,,,,,,,,XPNPEP2,,
550,,,,,,,,,,XYLB,,
551,,,,,,,,,,ZADH2,,
552,,,,,,,,,,ZDHHC3,,
553,,,,,,,,,,ATP5F1B,,
554,,,,,,,,,,ACP3,,
555,,,,,,,,,,VWA8,,
556,,,,,,,,,,TNS2,,
557,,,,,,,,,,NAPRT,,
558,,,,,,,,,,ATP5F1A,,
559,,,,,,,,,,SELENOO,,
560,,,,,,,,,,SMIM20,,
561,,,,,,,,,,COA6,,
562,,,,,,,,,,SUGCT,,
563,,,,,,,,,,RMDN2,,
564,,,,,,,,,,LOC101929773,,
565,,,,,,,,,,LOC102724197,,
566,,,,,,,,,,GATD3,,
567,,,,,,,,,,ATP5F1D,,
568,,,,,,,,,,MPC2,,
569,,,,,,,,,,MMUT,,
570,,,,,,,,,,GPAT3,,
571,,,,,,,,,,ABHD14A-ACY1,,
572,,,,,,,,,,SMIM24,,
573,,,,,,,,,,COQ8A,,
574,,,,,,,,,,PALS1,,
575,,,,,,,,,,LOC102724023,,
576,,,,,,,,,,AFG1L,,
577,,,,,,,,,,RIDA,,
578,,,,,,,,,,ATP5MG,,
579,,,,,,,,,,ATP5PD,,
580,,,,,,,,,,ATP5PB,,
581,,,,,,,,,,PATJ,,
582,,,,,,,,,,ATP5PF,,
583,,,,,,,,,,ATP5IF1,,
584,,,,,,,,,,MAIP1,,
585,,,,,,,,,,GGACT,,
586,,,,,,,,,,GGTLC3,,
587,,,,,,,,,,COA4,,
588,,,,,,,,,,TKFC,,
